Workbook

Sheet قاعدة بيانات مقدمي الدعم 
A1: قاعدة بيانات مقدمي الدعم للوحدات - ببرنامج وصول
A2: وحدات منفلوط
A3: م | B3: المحافظة | C3: المركز | D3: المكتب | E3: الجمعية / القرية | F3: المشرف الفني | G3: منسق التأهيل | H3: المدير الفني | I3: الأخصائيين | J3: التخصص
A4: 1 | B4: أسيوط | C4: منفلوط | D4: منفلوط | E4: جمعية المحافظة على القرأن الكريم / قرية جحدم | F4: أ/ منى صلاح | G4: أ/ سناء خليفة | H4: أ/ هدى أبو اليزيد
A7: 2 | B7: أسيوط | C7: القوصية | D7: منفلوط | E7: جمعية تنمية المجتمع / تناغه نزالى جانوب | F7: أ/ أسماء حمدي
A10: 3 | B10: أسيوط | C10: القوصية | D10: منفلوط | E10: جمعية دار الهداية بعرب الجهمة | F10: أ/ شيماء أحمد
A13: 4 | B13: أسيوط | C13: القوصية | D13: منفلوط | E13: كيان إنسان بالقوصية | F13: أ/ أسماء حمدي
A16: 5 | B16: أسيوط | C16: القوصية | D16: منفلوط | E16: كيان إنسان بالقصير | F16: أ/ شيماء أحمد
A19: 6 | B19: أسيوط | C19: منفلوط | D19: منفلوط | E19: جمعية تنمية المجتمع بالحواتكة | F19: أ/ شيماء أحمد
A22: 7 | B22: أسيوط | C22: منفلوط | D22: منفلوط | E22: جمعية تنمية المجتمع ببنى شقير | F22: ا/ أيات عبدالله
A25: 8 | B25: أسيوط | C25: القوصية | D25: منفلوط | E25: الجمعية الخيرية الأسلامية بالتمساحية | F25: ا/ الاء عبد الوهاب
A28: 9 | B28: أسيوط | C28: القوصية | D28: منفلوط | E28: جمعية إنسان بالقوصية فرع فزارة | F28: ا/ مصطفى صابر
A31: 10 | B31: أسيوط | C31: القوصية | D31: منفلوط | E31: جمعية جبل قسطام برزقة الدير | F31: ا/ مصطفى صابر
A34: 11 | B34: أسيوط | C34: ديروط | D34: منفلوط | E34: جمعية تنمية المجتمع بنزلة ضاهر | F34: أ/ أسماء حمدي
A37: 12 | B37: أسيوط | C37: ديروط | D37: منفلوط | E37: جمعية تنمية المجتمع بالحوطا الغربية | F37: أ/ صفاء حامد
A40: 13 | B40: أسيوط | C40: ديروط | D40: منفلوط | E40: جمعية كفالة اليتيم وتنمية المجتمع بدشلوط | F40: أ/ نجلاء مصطفى
... A46: 15 | B46: أسيوط | C46: ديروط | D46: منفلوط | E46: جمعية رواد الخير بزاوية هارون | F46: أ/ شيماء أحمد
A49: وحدات أسيوط
A50: 1 | B50: أسيوط | C50: اسيوط | D50: اسيوط | E50: البورة | F50: ا/شيماء خليفة | G50: ا/ايات علي | H50: ا/صفية عبدالمنعم
A53: 2 | B53: أسيوط | C53: اسيوط | D53: اسيوط | E53: منقباد | F53: ا/شيماء خليفة
A56: 3 | B56: أسيوط | C56: اسيوط | D56: اسيوط | E56: ريفا | F56: ا/عنان احمد
A59: 4 | B59: أسيوط | C59: الفتح | D59: اسيوط | E59: الواسطي | F59: ا/ هدير احمد
A62: 5 | B62: أسيوط | C62: ابنوب | D62: اسيوط | E62: كوم المنصورة | F62: ا/هدير احمد
A65: 6 | B65: أسيوط | C65: ابوتيج | D65: اسيوط | E65: رسالة | F65: ا/ سارة احمد
A68: وحدات بنى سويف
A69: 1 | B69: بني سويف | C69: اهناسيا | D69: بني سويف | E69: جمعية النهضة -قرية النويرة | F69: ا/الاء العشري | G69: ا/اسراء حسام | H69: دعاء سيد
A72: 2 | B72: بني سويف | C72: ببا | D72: بني سويف | E72: ببا | F72: ا/ جهاد نجيب
A75: 3 | B75: بني سويف | C75: سدس | D75: بني سويف | E75: جمعية بيت المال -جمعية سدس | F75: ا/سارة محمد
A80: 4 | B80: بني سويف | C80: الواسطي | D80: الواسطي | E80: الرياض | F80: ا/سارة محمد | G80: ا/سارة طاهر | H80: ا/دعاء سيد
A83: وحدات سوهاج
A84: 1 | B84: سوهاج | C84: العسيرات | D84: سوهاج | E84: تنمية المجتمع | F84: أ/ فاطمة عبدالعزيز | G84: أ/ محمود فرغلى | H84: أ/ آية محمد صلاح
A87: 2 | B87: سوهاج | C87: المنشاه | D87: سوهاج | E87: جمعية تنمية المجتمع بقرية كوم بدار
A90: 3 | B90: سوهاج | C90: سوهاج | D90: سوهاج | E90: الجوده من اجل التنميه | F90: جنينه أحمد عبدالرحيم
A93: 4 | B93: سوهاج | C93: سوهاج | D93: المنشاه | E93: سوهاج | F93: أ / فاطمة عبد العزيز
A96: 5 | B96: سوهاج | C96: طهطا | D96: طهطا | E96: الرحمه | F96: أ/ اسراء خالد | G96: أ/ لبني محمود | H96: أ/ ايه صلاح

Sheet تقرير مجمع
A3: م | B3: اسم الوحدة | C3: اجمالى عدد الجلسات التأهيلية | D3: اجمالى عدد الزيارات المنزلية
A4: 1 | B4: جحدم | C4: ='تقرير شهر يناير'!G24+'تقرير فبراير 2023'!G24+'تقرير مارس 2023'!G24+'تقرير مجمع مايو 2023'!G24+'تقرير أبريل 2023'!G24+'تقرير مجمع يونيو 2023'!G24+'تقرير مجمع يوليو 2023'!G24 -> 367 | D4: ='تقرير شهر يناير'!G30+'تقرير فبراير 2023'!G30+'تقرير مارس 2023'!G34+'تقرير مجمع مايو 2023'!G34+'تقرير أبريل 2023'!G34+'تقرير مجمع يونيو 2023'!G34+'تقرير مجمع يوليو 2023'!G34 -> 563
A5: 2 | B5: الحواتكة | C5: ='تقرير شهر يناير'!H24+'تقرير فبراير 2023'!H24+'تقرير مارس 2023'!H24+'تقرير مجمع مايو 2023'!H24+'تقرير أبريل 2023'!H24+'تقرير مجمع يونيو 2023'!H24+'تقرير مجمع يوليو 2023'!H24 -> 751 | D5: ='تقرير شهر يناير'!H30+'تقرير فبراير 2023'!H30+'تقرير مارس 2023'!H34+'تقرير مجمع مايو 2023'!H34+'تقرير أبريل 2023'!H34+'تقرير مجمع يونيو 2023'!H34+'تقرير مجمع يوليو 2023'!H34 -> 1032
A6: 3 | B6: بنى شقير | C6: ='تقرير شهر يناير'!I24+'تقرير فبراير 2023'!I24+'تقرير مارس 2023'!I24+'تقرير مجمع مايو 2023'!I24+'تقرير أبريل 2023'!I24+'تقرير مجمع يونيو 2023'!I24+'تقرير مجمع يوليو 2023'!I24 -> 722 | D6: ='تقرير شهر يناير'!I30+'تقرير فبراير 2023'!I30+'تقرير مارس 2023'!I34+'تقرير مجمع مايو 2023'!I34+'تقرير أبريل 2023'!I34+'تقرير مجمع يونيو 2023'!I34+'تقرير مجمع يوليو 2023'!I34 -> 713
A7: 4 | B7: القوصية | C7: ='تقرير شهر يناير'!J24+'تقرير فبراير 2023'!J24+'تقرير مارس 2023'!J24+'تقرير أبريل 2023'!J24+'تقرير مجمع مايو 2023'!J24+'تقرير مجمع يونيو 2023'!J24+'تقرير مجمع يوليو 2023'!J24 -> 516
A8: 5 | B8: التمساحية | C8: ='تقرير شهر يناير'!K24+'تقرير فبراير 2023'!K24+'تقرير مارس 2023'!K24+'تقرير أبريل 2023'!K24+'تقرير مجمع مايو 2023'!K24+'تقرير مجمع يونيو 2023'!K24+'تقرير مجمع يوليو 2023'!K24 -> 324 | D8: ='تقرير شهر يناير'!K30+'تقرير فبراير 2023'!K30+'تقرير مارس 2023'!K34+'تقرير أبريل 2023'!K34+'تقرير مجمع مايو 2023'!K34+'تقرير مجمع يونيو 2023'!K34+'تقرير مجمع يوليو 2023'!K34 -> 584
A9: 6 | B9: عرب الجهمة | C9: ='تقرير شهر يناير'!L24+'تقرير فبراير 2023'!L24+'تقرير مارس 2023'!L24+'تقرير أبريل 2023'!L24+'تقرير مجمع مايو 2023'!L24+'تقرير مجمع يونيو 2023'!L24+'تقرير مجمع يوليو 2023'!L24 -> 659 | D9: ='تقرير شهر يناير'!L30+'تقرير فبراير 2023'!L30+'تقرير مارس 2023'!L34+'تقرير أبريل 2023'!L34+'تقرير مجمع مايو 2023'!L34+'تقرير مجمع يونيو 2023'!L34+'تقرير مجمع يوليو 2023'!L34 -> 643
A10: 7 | B10: الدير | C10: ='تقرير شهر يناير'!M24+'تقرير فبراير 2023'!M24+'تقرير مارس 2023'!M24+'تقرير أبريل 2023'!M24+'تقرير مجمع مايو 2023'!M24+'تقرير مجمع يونيو 2023'!M24+'تقرير مجمع يوليو 2023'!M24 -> 794 | D10: ='تقرير شهر يناير'!M30+'تقرير فبراير 2023'!M30+'تقرير مارس 2023'!M34+'تقرير أبريل 2023'!M34+'تقرير مجمع مايو 2023'!M34+'تقرير مجمع يونيو 2023'!M34+'تقرير مجمع يوليو 2023'!M34 -> 874
A11: 8 | B11: تناغة | C11: ='تقرير شهر يناير'!N24+'تقرير فبراير 2023'!N24+'تقرير مارس 2023'!N24+'تقرير أبريل 2023'!N24+'تقرير مجمع مايو 2023'!N24+'تقرير مجمع يونيو 2023'!N24+'تقرير مجمع يوليو 2023'!N24 -> 835 | D11: ='تقرير شهر يناير'!N30+'تقرير فبراير 2023'!N30+'تقرير مارس 2023'!N34+'تقرير أبريل 2023'!N34+'تقرير مجمع مايو 2023'!N34+'تقرير مجمع يونيو 2023'!N34+'تقرير مجمع يوليو 2023'!N34 -> 1184
A12: 9 | B12: فزارة | C12: ='تقرير شهر يناير'!O24+'تقرير فبراير 2023'!O24+'تقرير مارس 2023'!O24+'تقرير أبريل 2023'!O24+'تقرير مجمع مايو 2023'!O24+'تقرير مجمع يونيو 2023'!O24+'تقرير مجمع يوليو 2023'!O24 -> 640 | D12: ='تقرير شهر يناير'!O30+'تقرير فبراير 2023'!O24+'تقرير مارس 2023'!O34+'تقرير أبريل 2023'!O34+'تقرير مجمع مايو 2023'!O34+'تقرير مجمع يونيو 2023'!O34+'تقرير مجمع يوليو 2023'!O34 -> 452
A13: 10 | B13: القصير | C13: ='تقرير شهر يناير'!P24+'تقرير فبراير 2023'!P24+'تقرير مارس 2023'!P24+'تقرير أبريل 2023'!P24+'تقرير مجمع مايو 2023'!P24+'تقرير مجمع يونيو 2023'!P24+'تقرير مجمع يوليو 2023'!P24 -> 724 | D13: ='تقرير شهر يناير'!P30+'تقرير فبراير 2023'!P30+'تقرير مارس 2023'!P34+'تقرير أبريل 2023'!P34+'تقرير مجمع مايو 2023'!P34+'تقرير مجمع يونيو 2023'!P34+'تقرير مجمع يوليو 2023'!P34 -> 1210
A14: 11 | B14: نزلة ضاهر | C14: ='تقرير شهر يناير'!Q24+'تقرير فبراير 2023'!Q24+'تقرير مارس 2023'!Q24+'تقرير أبريل 2023'!Q24+'تقرير مجمع مايو 2023'!Q24+'تقرير مجمع يونيو 2023'!Q24+'تقرير مجمع يوليو 2023'!Q24 -> 440 | D14: ='تقرير شهر يناير'!Q30+'تقرير فبراير 2023'!Q30+'تقرير مارس 2023'!Q34+'تقرير أبريل 2023'!Q34+'تقرير مجمع مايو 2023'!Q34+'تقرير مجمع يونيو 2023'!Q34+'تقرير مجمع يوليو 2023'!Q34 -> 726
A15: 12 | B15: ديروط | C15: ='تقرير شهر يناير'!R24+'تقرير فبراير 2023'!R24+'تقرير مارس 2023'!R24+'تقرير أبريل 2023'!R24+'تقرير مجمع مايو 2023'!R24+'تقرير مجمع يونيو 2023'!R24+'تقرير مجمع يوليو 2023'!R24 -> 1004 | D15: ='تقرير شهر يناير'!R30+'تقرير فبراير 2023'!R30+'تقرير مارس 2023'!R34+'تقرير مجمع مايو 2023'!R34+'تقرير أبريل 2023'!R34+'تقرير مجمع يونيو 2023'!R34+'تقرير مجمع يوليو 2023'!R34 -> 20
A16: 13 | B16: الحوطا | C16: ='تقرير شهر يناير'!S24+'تقرير فبراير 2023'!S24+'تقرير مارس 2023'!S24+'تقرير أبريل 2023'!S24+'تقرير مجمع مايو 2023'!S24+'تقرير مجمع يونيو 2023'!S24+'تقرير مجمع يوليو 2023'!S24 -> 716 | D16: ='تقرير شهر يناير'!S30+'تقرير فبراير 2023'!S30+'تقرير مارس 2023'!S34+'تقرير أبريل 2023'!S34+'تقرير مجمع مايو 2023'!S34+'تقرير مجمع يونيو 2023'!S34+'تقرير مجمع يوليو 2023'!S34 -> 609
A17: 14 | B17: دشلوط | C17: ='تقرير شهر يناير'!T24+'تقرير فبراير 2023'!T24+'تقرير مارس 2023'!T24+'تقرير أبريل 2023'!T24+'تقرير مجمع مايو 2023'!T24+'تقرير مجمع يونيو 2023'!T24+'تقرير مجمع يوليو 2023'!T24 -> 542 | D17: ='تقرير شهر يناير'!T30+'تقرير فبراير 2023'!T30+'تقرير مارس 2023'!T34+'تقرير أبريل 2023'!T34+'تقرير مجمع مايو 2023'!T34+'تقرير مجمع يونيو 2023'!T34+'تقرير مجمع يوليو 2023'!T34 -> 678
A18: 15 | B18: زاوية هارون | C18: ='تقرير شهر يناير'!U24+'تقرير فبراير 2023'!U24+'تقرير مارس 2023'!U24+'تقرير مجمع مايو 2023'!U24+'تقرير أبريل 2023'!U24+'تقرير مجمع يونيو 2023'!U24+'تقرير مجمع يوليو 2023'!U24 -> 60 | D18: ='تقرير شهر يناير'!U30+'تقرير فبراير 2023'!U30+'تقرير مارس 2023'!U34+'تقرير مجمع مايو 2023'!U34+'تقرير أبريل 2023'!U34+'تقرير مجمع يونيو 2023'!U34+'تقرير مجمع يوليو 2023'!U34 -> 57
A19: 16 | B19: البورة | C19: ='تقرير مجمع مايو 2023'!V24+'تقرير مجمع يونيو 2023'!V24+'تقرير مجمع يوليو 2023'!V24 -> 229 | D19: ='تقرير مجمع مايو 2023'!V34+'تقرير مجمع يونيو 2023'!V34+'تقرير مجمع يوليو 2023'!V34 -> 270
A20: 17 | B20: منقباد | C20: ='تقرير مجمع مايو 2023'!W24+'تقرير مجمع يونيو 2023'!W24+'تقرير مجمع يوليو 2023'!W24 -> 625 | D20: ='تقرير مجمع مايو 2023'!W34+'تقرير مجمع يونيو 2023'!W34+'تقرير مجمع يوليو 2023'!W34 -> 184
A21: 18 | B21: الواسطى | C21: ='تقرير مجمع مايو 2023'!X24+'تقرير مجمع يونيو 2023'!X24+'تقرير مجمع يوليو 2023'!X24 -> 151 | D21: ='تقرير مجمع مايو 2023'!X34+'تقرير مجمع يونيو 2023'!X34+'تقرير مجمع يوليو 2023'!X34 -> 297
A22: 19 | B22: كوم المنصورة | C22: ='تقرير مجمع مايو 2023'!Y24+'تقرير مجمع يونيو 2023'!Y24+'تقرير مجمع يوليو 2023'!Y24 -> 295 | D22: ='تقرير مجمع مايو 2023'!Y34+'تقرير مجمع يونيو 2023'!Y34+'تقرير مجمع يوليو 2023'!Y34 -> 360
A23: 20 | B23: ريفا | C23: ='تقرير مجمع مايو 2023'!Z24+'تقرير مجمع يونيو 2023'!Z24+'تقرير مجمع يوليو 2023'!Z24 -> 434 | D23: ='تقرير مجمع مايو 2023'!Z34+'تقرير مجمع يونيو 2023'!Z34+'تقرير مجمع يوليو 2023'!Z34 -> 408
A24: 21 | B24: ابوتيج | C24: ='تقرير مجمع مايو 2023'!AA24+'تقرير مجمع يونيو 2023'!AA24+'تقرير مجمع يوليو 2023'!AA24 -> 143 | D24: ='تقرير مجمع مايو 2023'!AA34+'تقرير مجمع يونيو 2023'!AA34+'تقرير مجمع يوليو 2023'!AA34 -> 122
A25: 22 | B25: تونس | C25: ='تقرير فبراير 2023'!V24+'تقرير مارس 2023'!V24+'تقرير أبريل 2023'!V24+'تقرير مجمع مايو 2023'!AB24+'تقرير مجمع يونيو 2023'!AB24+'تقرير مجمع يوليو 2023'!AB24 -> 1041 | D25: ='تقرير فبراير 2023'!V30+'تقرير مارس 2023'!V34+'تقرير أبريل 2023'!V34+'تقرير مجمع مايو 2023'!AB34+'تقرير مجمع يونيو 2023'!AB34+'تقرير مجمع يوليو 2023'!AB34 -> 1080
A26: 23 | B26: المنشأه | C26: ='تقرير مارس 2023'!W24+'تقرير أبريل 2023'!W24+'تقرير مجمع مايو 2023'!AC24+'تقرير مجمع يونيو 2023'!AC24+'تقرير مجمع يوليو 2023'!AC24 -> 423 | D26: ='تقرير مارس 2023'!W34+'تقرير أبريل 2023'!W34+'تقرير مجمع مايو 2023'!AC34+'تقرير مجمع يونيو 2023'!AC34+'تقرير مجمع يوليو 2023'!AC34 -> 780
A27: 24 | B27: العسيرات | C27: ='تقرير مارس 2023'!X24+'تقرير أبريل 2023'!X24+'تقرير مجمع مايو 2023'!AD24+'تقرير مجمع يونيو 2023'!AD24+'تقرير مجمع يوليو 2023'!AD24 -> 563 | D27: ='تقرير مارس 2023'!X34+'تقرير أبريل 2023'!X34+'تقرير مجمع مايو 2023'!AD34+'تقرير مجمع يونيو 2023'!AD34+'تقرير مجمع يوليو 2023'!AD34 -> 573
A28: 25 | B28: كوم بدار | C28: ='تقرير مارس 2023'!Y24+'تقرير أبريل 2023'!Y24+'تقرير مجمع مايو 2023'!AE24+'تقرير مجمع يونيو 2023'!AE24+'تقرير مجمع يوليو 2023'!AE24 -> 616 | D28: ='تقرير مارس 2023'!Y34+'تقرير أبريل 2023'!Y34+'تقرير مجمع مايو 2023'!AE34+'تقرير مجمع يونيو 2023'!AE34+'تقرير مجمع يوليو 2023'!AE34 -> 734
A29: 26 | B29: فزارة / طهطا | C29: ='تقرير مارس 2023'!Z24+'تقرير أبريل 2023'!Z24+'تقرير مجمع مايو 2023'!AF24+'تقرير مجمع يونيو 2023'!AF24+'تقرير مجمع يوليو 2023'!AF24 -> 668 | D29: ='تقرير مارس 2023'!Z34+'تقرير أبريل 2023'!Z34+'تقرير مجمع مايو 2023'!AF34+'تقرير مجمع يونيو 2023'!AF34+'تقرير مجمع يوليو 2023'!AF34 -> 738
A30: 27 | B30: النويرة | C30: ='تقرير أبريل 2023'!AA24+'تقرير مجمع مايو 2023'!AG24+'تقرير مجمع يونيو 2023'!AG24+'تقرير مجمع يوليو 2023'!AG24 -> 585 | D30: ='تقرير أبريل 2023'!AA34+'تقرير مجمع مايو 2023'!AG34+'تقرير مجمع يونيو 2023'!AG34+'تقرير مجمع يوليو 2023'!AG34 -> 335
A31: 28 | B31: ببا | C31: ='تقرير مارس 2023'!AA24+'تقرير أبريل 2023'!AB24+'تقرير مجمع مايو 2023'!AH24+'تقرير مجمع يونيو 2023'!AH24+'تقرير مجمع يوليو 2023'!AH24 -> 966 | D31: ='تقرير مارس 2023'!AA34+'تقرير أبريل 2023'!AB34+'تقرير مجمع مايو 2023'!AH34+'تقرير مجمع يونيو 2023'!AH34+'تقرير مجمع يوليو 2023'!AH34 -> 590
A32: 29 | B32: سدس | C32: ='تقرير مجمع مايو 2023'!AI24+'تقرير مجمع يونيو 2023'!AI24+'تقرير مجمع يوليو 2023'!AI24 -> 215 | D32: ='تقرير مجمع مايو 2023'!AI34+'تقرير مجمع يونيو 2023'!AI34+'تقرير مجمع يوليو 2023'!AI34 -> 295
A33: 30 | B33: الرياض | C33: ='تقرير مجمع مايو 2023'!AJ24+'تقرير مجمع يونيو 2023'!AJ24+'تقرير مجمع يوليو 2023'!AJ24 -> 199 | D33: ='تقرير مجمع مايو 2023'!AJ34+'تقرير مجمع يونيو 2023'!AJ34+'تقرير مجمع يوليو 2023'!AJ34 -> 53
B34: اجمالى | C34: =SUM(C4:C33) -> 16247 | D34: =SUM(D4:D33) -> 16164

Sheet قاعدة بيانات مسئولات التاهيل 
A1: قاعدة بيانات مسئولات التأهيل ببرنامج وصول
A2: الوحدة | B2: م | C2: الاسم | D2: المحافظة | E2: المركز | F2: القرية | G2: المؤهل الدراسي | H2: تاريخ الميلاد | I2: الرقم القومي | J2: سنوات خبرة سابقة في الإعاقة | K2: تاريخ بدء العمل | L2: تاريخ انهاء التعاقد | M2: التدريبات التي حصلت عليها | N2: احتياجات تدريبية
A3: 1- جمعيه المحافظة القران الكريم بجحدم | B3: 1 | C3: فاطمه مصطفى منصور عبد المتجلى | D3: اسيوط | E3: منفلوط | F3: جحدم | G3: بكالوريوس تجاره | H3: 35578 | I3: 29705282500801 | J3: عام | K3: 44896 | L3: 45474
B4: 2 | C4: شيماء احمد محمود راتب | G4: ليسانس تربيه قسم لغه عربيه | H4: 37167 | I4: 30103102504826 | J4: بدون | K4: 44774 | L4: 45474
B5: 3 | C5: ------------ | L5: 45474
A6: 2- جمعية تنمية المجتمع / تناغه نزالى جانوب | B6: 4 | C6: حنان توفيق مجلى سيف | D6: اسيوط | E6: القوصية | F6: تناغه | G6: ليسانس لغة عربية | H6: 27/1/1986 | I6: 28601272500923 | J6: سنتين فى كيان | K6: 44473 | L6: 45474
B7: 5 | C7: غادة محروس أحمد جبر | G7: بكالريوس خدمة إجتماعية | H7: 7/12/1988 | I7: 28812072500903 | J7: سنتين فى كيان | K7: 44473 | L7: 45474
B8: 6 | C8: نورة رمضان عبدالنعيم أحمد | G8: دبلوم تجارة | H8: 25/2/1989 | I8: 289022525000641 | J8: بدون | K8: 44845 | L8: 45474
A9: 3- جمعية كفالة اليتيم وتنمية المجتمع بدشلوط | B9: 7 | C9: سناء حمدى عبد اللاه | D9: اسيوط | E9: ديروط | F9: دشلوط | G9: دبلوم صنايع | H9: 30287 | I9: 28212022500549 | J9: لايوجد | K9: 44866 | L9: 45474 | M9: تكامل حسى / تعديل سلوك / تخاطب / تنمية مهارات / تأهيل حركى / اعاقة بصرية / اعاقة سمعية حماية الطفل / زيارات منزلية | N9: اكاديمى/ شلل دماغى
B10: 8 | C10: حنان ابراهيم زكريا | H10: 35156 | I10: 29604012505525 | J10: لايوجد | K10: 44866 | L10: 45474 | M10: تكامل حسى / تعديل سلوك / تخاطب / تنمية مهارات / تأهيل حركى / اعاقة بصرية / اعاقة سمعية حماية الطفل / زيارات منزلية | N10: اكاديمى/ شلل دماغى
B11: 9 | C11: نعمه حسن عبد الرازق | H11: 32207 | I11: 28803052500461 | J11: لايوجد | K11: 44866 | L11: 45474 | M11: تكامل حسى / تعديل سلوك / تخاطب / تنمية مهارات / تأهيل حركى / اعاقة بصرية / اعاقة سمعية حماية الطفل / زيارات منزلية | N11: اكاديمى/ شلل دماغى
A12: 4-كيان إنسان بالقوصية | B12: 10 | C12: أسماء عبدالحكم فهمى أبو العلا | D12: اسيوط | E12: القوصية | F12: ----- | G12: بكالريوس خدمة إجتماعية/دبلوم علم نفس/دبلوم المعاقين / ماجستير فى الخدمة الإجتماعية | H12: 14/12/1991 | I12: 29112142500908 | J12: سنة ونصف | K12: 44473 | L12: 45474 | M12: تكامل حسى / تعديل سلوك / تخاطب / تنمية مهارات / تأهيل حركى / اعاقة بصرية / اعاقة سمعية حماية الطفل / زيارات منزلية | N12: شلل دماغى
B13: 11 | C13: سمر محمود محمد سليم | H13: 27/6/1989 | I13: 28906272500601 | J13: لايوجد | K13: 44572 | L13: 45474 | M13: تكامل حسى / تعديل سلوك / تخاطب / تنمية مهارات / تأهيل حركى / اعاقة بصرية / اعاقة سمعية حماية الطفل / زيارات منزلية | N13: شلل دماغى
B14: 12
A15: 5- كيان إنسان بالقصير | B15: 13 | C15: ايمان فنجري عبد النظير | D15: اسيوط | E15: القوصية | G15: ثانوية عامة | H15: 30800 | I15: 28404282500867 | J15: 2 عام | K15: 44473 | L15: 45474 | M15: التأهيل المرتكز على المجتمع - المفاهيم الحديثة للإعاقة - العمل مع الاسر -برنامج البورتيدج -ادلة منظمة الصحة العالمية -سلوك الاطفال والمراهقين -سياسة الحماية -الاعاقة البصرية -المهارات اللغوية والسمعية واضطرابات النطق -المشكلات الحسية -التعامل مع الورد والاكسل
B16: 14 | C16: صابرةعوض عبد السلام | G16: ثانوية عامة | H16: 35898 | I16: 29804132501123 | J16: 2 عام | K16: 44473 | L16: 45474 | M16: العمل مع الاسر -برنامج البورتيدج -ادلة منظمة الصحة العالمية -سلوك الاطفال والمراهقين -سياسة الحماية -الاعاقة البصرية -المهارات اللغوية والسمعية واضطرابات النطق -المشكلات الحسية -التعامل مع الورد والاكسل
B17: 15 | C17: دعاء صقر عمر عبدالشافي | G17: ثانوية عامة | H17: 35712 | I17: 29701092500923 | J17: بدون | K17: 44774 | L17: 45474 | M17: العمل مع الاسر -برنامج البورتيدج -ادلة منظمة الصحة العالمية -سلوك الاطفال والمراهقين -سياسة الحماية -الاعاقة البصرية -المهارات اللغوية والسمعية واضطرابات النطق -المشكلات الحسية -التعامل مع الورد والاكسل
A18: 6- عرب الجهمة | B18: 16 | C18: اشجان سمير إبراهيم | D18: اسيوط | E18: القوصية | F18: عرب الجهمة | G18: بكالوريوس خدمة اجتماعية | H18: 22/10/87 | I18: 28710222500845 | J18: 3 سنوات | K18: ديسمبر-٢٢ | L18: 45474 | M18: العمل مع الاسر -برنامج البورتيدج -ادلة منظمة الصحة العالمية -سلوك الاطفال والمراهقين -سياسة الحماية -الاعاقة البصرية -المهارات اللغوية والسمعية واضطرابات النطق -المشكلات الحسية -التعامل مع الورد والاكسل | N18: التاهيل الحركى لاطفال الضمور
B19: 17 | C19: عنود محمود على | G19: ليسانس آداب وثائق ومكتبات | H19: 1/21997 | I19: 29702012504687 | J19: لايوجد | K19: ديسمبر-٢٢ | L19: 45474 | M19: العمل مع الاسر -برنامج البورتيدج -ادلة منظمة الصحة العالمية -سلوك الاطفال والمراهقين -سياسة الحماية -الاعاقة البصرية -المهارات اللغوية والسمعية واضطرابات النطق -المشكلات الحسية -التعامل مع الورد والاكسل | N19: التاهيل الحركى لاطفال الضمور
B20: 18 | C20: آيه احمد صالح | G20: بكالوريوس تربية نوعية | H20: 06/05/96 | I20: 29605062500946 | J20: لايوجد | K20: ديسمبر-٢٢ | L20: 45474 | M20: العمل مع الاسر -برنامج البورتيدج -ادلة منظمة الصحة العالمية -سلوك الاطفال والمراهقين -سياسة الحماية -الاعاقة البصرية -المهارات اللغوية والسمعية واضطرابات النطق -المشكلات الحسية -التعامل مع الورد والاكسل | N20: التاهيل الحركى لاطفال الضمور
A21: 7- وحدة بنى شقير | B21: 19 | C21: نورا عمر محمد شحاتة | D21: اسيوط | E21: منفلوط | F21: بنى شقير | G21: دبلوم تجارة | H21: 34301 | I21: 29311282500749 | J21: 3 سنوات | K21: عام 2019 | L21: 45474 | M21: العمل مع الاسر -برنامج البورتيدج -ادلة منظمة الصحة العالمية -سلوك الاطفال والمراهقين -سياسة الحماية -الاعاقة البصرية -المهارات اللغوية والسمعية واضطرابات النطق -المشكلات الحسية -التعامل مع الورد والاكسل | N21: تدريب عن لغة الاشاره
B22: 20 | C22: هبة عمر محمد شحاته | G22: دبلوم تجارة | H22: 33790 | I22: 29207052501647 | J22: 3 سنوات | K22: عام 2019 | L22: 45474 | M22: العمل مع الاسر -برنامج البورتيدج -ادلة منظمة الصحة العالمية -سلوك الاطفال والمراهقين -سياسة الحماية -الاعاقة البصرية -المهارات اللغوية والسمعية واضطرابات النطق -المشكلات الحسية -التعامل مع الورد والاكسل | N22: تدريب عن لغه الاشاره وكيفيه التعامل معها
B23: 21 | C23: أمل عبدالمالك عثمان | G23: دبلوم تجارة | H23: 29845 | I23: 28109162501108 | J23: لايوجد | K23: 44958 | L23: 45474
A24: 8 -وحدة رزقة الدير | B24: 22 | C24: ايمان يوسف غالي | D24: اسيوط | E24: القوصية | F24: رزقة الدير | G24: كلية آداب | H24: 33710 | I24: 29204162500485 | J24: لايوجد | K24: 44866 | L24: 45474 | M24: تكامل حسى / تعديل سلوك / تخاطب / تنمية مهارات / تأهيل حركى / اعاقة بصرية / اعاقة سمعية حماية الطفل / زيارات منزلية
B25: 23 | C25: حنان عيد رزق | G25: دبلوم صنايع | H25: 32366 | I25: 29604012505525 | J25: لايوجد | K25: 44866 | L25: 45474 | M25: تكامل حسى / تعديل سلوك / تخاطب / تنمية مهارات / تأهيل حركى / اعاقة بصرية / اعاقة سمعية حماية الطفل / زيارات منزلية
B26: 24 | C26: هبه عزت صديق | G26: دبلوم تجارة | H26: 31970 | I26: 28707122500804 | J26: لايوجد | K26: 44866 | L26: 45474 | M26: تكامل حسى / تعديل سلوك / تخاطب / تنمية مهارات / تأهيل حركى / اعاقة بصرية / اعاقة سمعية حماية الطفل / زيارات منزلية
A27: 9- وحدة نزلة ضاهر | B27: 25 | C27: أميرة صالح عبدالحفيظ سيد | D27: أسيوط | E27: ديروط | F27: نزلة ضاهر | G27: ليسانس آداب قسم تاريخ | H27: 33852 | I27: 29209052500325 | J27: 7سنوات أبحاث لذوى الإعاقة | K27: 44774 | L27: 45474 | M27: تدريب برنامج وصول 2 نظرى و عملى | N27: تدريب مهارات حياتيه / الدعم التفسى/ كورس إنجلش
B28: 26 | C28: أميرة عبدالتواب حسن مبروك | G28: دبلوم تجارة | H28: 34283 | I28: 29311102500703 | J28: 7سنوات أبحاث لذوى الإعاقة | K28: 44774 | L28: 45474 | M28: iCDL /تدريب تخاطب / تدريب برنامج وصول نظرى و عملى | N28: كورس إنجلش / كور دكتور فينكس / كورس دكتور ماث
B29: 27 | C29: عهود محمود مهران سيد | G29: بكالريوس تجارة قسم إدارة أعمال | H29: 34661 | I29: 29411232501005 | J29: لا يوجد | K29: 44774 | L29: 45474 | M29: تدريب برنامج وصول 2 نظرى و عملى
A30: 10- كفالة اليتم ديروط | B30: 28 | C30: هاجر محمد سيد محمد | D30: اسيوط | E30: ديروط | F30: مدينة ديروط | G30: ليسانس آداب + دبلوم عام تربوي+ دبلوم مهني معلم تربية خاصة | H30: 33270 | I30: 29102012500544 | J30: سنة | K30: 44774 | L30: 45474 | M30: إرشاد نفسي توحد وتخاطب - تقييم بورتاج الإعاقة السمعية والبصرية - الإعاقة الحركية للشلل الدماغي - المشكلات السلوكية والحسية
B31: 29 | C31: نعمة راشد حسين إبراهيم | G31: ليسانس آداب + دبلوم عام تربوي حاسب ألي | H31: 34839 | I31: 29505202404247 | J31: لا يوجد | K31: 44774 | L31: 45474 | M31: رشاد نفسي توحد وتخاطب - تقييم بورتاج - إعاقة السمعية والبصرية - الإعاقة الحركية للشلل الدماغي - المشكلات السلوكية والحسية
B32: 30 | C32: نجلاء حسني نياظ أحمد | G32: بكالريوس تجارة قسم إدارة اعمال | H32: 31736 | I32: 28611202500727 | J32: لا يوجد | K32: 44774 | L32: 45474 | M32: ارشاد نفسي توحد وتخاطب - تقييم بورتاج - إعاقة السمعية والبصرية -الإعاقة الحركية للشلل الدماغي - المشكلات السلوكية والحسية
A33: 11- وحدة التمساحية | B33: 31 | C33: أميرة عبد الرحيم أحمد رباعي | G33: معهد فني تجاري | H33: 26/11/2000 | I33: 30011262500248 | J33: لا يوجد | K33: 15/10/2023 | L33: 45474 | M33: -برنامج البورتيدج -ادلة منظمة الصحة العالمية -سلوك الاطفال والمراهقين -سياسة الحماية -الاعاقة البصرية -المهارات اللغوية والسمعية واضطرابات النطق -المشكلات الحسية -التعامل مع الورد والاكسل | N33: العمل مع الأسر
B34: 32 | C34: فاطمة محمود حسين عبد المولى | G34: دبلوم تجاري | H34: 20\11\1996 | I34: 29611202501328 | J34: لا يوجد | K34: 23/11/23 | L34: 45474 | M34: برنامج البورتيدج -ادلة منظمة الصحة العالمية -سلوك الاطفال والمراهقين -سياسة الحماية -الاعاقة البصرية -المهارات اللغوية والسمعية واضطرابات النطق -المشكلات الحسية -التعامل مع الورد والاكسل | N34: التأهيل المرتكز على المجتمع
B35: 33 | C35: هند محمود أحمد مطاوع | G35: دبلوم فني تجاري | H35: 33594 | I35: 29112222500861 | J35: لا يوجد | K35: 44958 | L35: 45474 | M35: لم تتلقى سوى حضور جلسات عملية | N35: تحتاج إلى كل التدريبات التي تخص مجال التربية الخاصة
A36: 12- وحدة الحواتكة | B36: 34 | C36: ناديه محمد سيد | D36: اسيوط | E36: منفلوط | F36: الحواتكه | G36: ليسانس حقوق | H36: 31087 | I36: 28502092501605 | K36: 44896 | M36: التأهيل المرتكز على المجتمع - المفاهيم الحديثة للإعاقة - العمل مع الاسر -برنامج البورتيدج -ادلة منظمة الصحة العالمية -سلوك الاطفال والمراهقين -سياسة الحماية -الاعاقة البصرية -المهارات اللغوية والسمعية واضطرابات النطق -المشكلات الحسية -التعامل مع الورد والاكسل | N36: الاحتياج الى التدريب العملى على كل انواع الاعاقات
B37: 35 | C37: نحلاء على عبدالرحيم | G37: دبلوم تجاره | H37: 31234 | I37: 28507062502306 | K37: 44896 | M37: التأهيل المرتكز على المجتمع - المفاهيم الحديثة للإعاقة - العمل مع الاسر -برنامج البورتيدج -ادلة منظمة الصحة العالمية -سلوك الاطفال والمراهقين -سياسة الحماية -الاعاقة البصرية -المهارات اللغوية والسمعية واضطرابات النطق -المشكلات الحسية -التعامل مع الورد والاكسل | N37: الاحتياج الى التدريب العملى على كل انواع الاعاقات
B38: 36 | C38: منى عبدالرحيم عبدالرحمن | G38: دبلوم تجاره | H38: 32168 | I38: 28801262501327 | K38: 44896 | M38: -برنامج البورتيدج -ادلة منظمة الصحة العالمية -سلوك الاطفال والمراهقين -سياسة الحماية -الاعاقة البصرية -المهارات اللغوية والسمعية واضطرابات النطق -المشكلات الحسية -التعامل مع الورد والاكسل | N38: الاحتياج الى التدريب العملى على كل انواع الاعاقات
A39: 13- وحدة فزارة | B39: 37 | C39: سعاد هارون محمد | D39: اسيوط | E39: القوصية | F39: فزارة | G39: معهدفنى شعبةكمبيوتر | H39: 29503 | I39: 28010092500463 | J39: لايوجد | K39: 44866 | L39: 45474 | M39: العمل مع الاسر -برنامج البورتيدج -ادلة منظمة الصحة العالمية -سلوك الاطفال والمراهقين -سياسة الحماية -الاعاقة البصرية -المهارات اللغوية والسمعية واضطرابات النطق -المشكلات الحسية -التعامل مع الورد والاكسل
B40: 38 | C40: ياسمين احمد عبدالكريم | G40: دبلوم تجاره | H40: 35973 | I40: 29806272500685 | J40: لايوجد | K40: 44866 | L40: 45474 | M40: العمل مع الاسر -برنامج البورتيدج -ادلة منظمة الصحة العالمية -سلوك الاطفال والمراهقين -سياسة الحماية -الاعاقة البصرية -المهارات اللغوية والسمعية واضطرابات النطق -المشكلات الحسية -التعامل مع الورد والاكسل
B41: 39 | C41: فرحة سيد احمد | G41: دبلوم تجاره | H41: 36229 | I41: 29903102500449 | J41: لايوجد | K41: 44866 | L41: 45474 | M41: العمل مع الاسر -برنامج البورتيدج -ادلة منظمة الصحة العالمية -سلوك الاطفال والمراهقين -سياسة الحماية -الاعاقة البصرية -المهارات اللغوية والسمعية واضطرابات النطق -المشكلات الحسية -التعامل مع الورد والاكسل
A42: 14- وحدة الحزطا | B42: 40 | C42: ياسمين سمير محمود | D42: اسيوط | E42: منفلوط | F42: الحوطا | G42: اجازة تجويد | H42: 33861 | I42: 29209142500464 | L42: 45474 | M42: العمل مع الاسر -برنامج البورتيدج -ادلة منظمة الصحة العالمية -سلوك الاطفال والمراهقين -سياسة الحماية -الاعاقة البصرية -المهارات اللغوية والسمعية واضطرابات النطق -المشكلات الحسية -التعامل مع الورد والاكسل
B43: 41 | C43: إيمان رمضان عبد الحكيم | G43: معهد فنى تجارى | H43: 32985 | I43: 29004222500341 | K43: 44774 | L43: 45474 | M43: العمل مع الاسر -برنامج البورتيدج -ادلة منظمة الصحة العالمية -سلوك الاطفال والمراهقين -سياسة الحماية -الاعاقة البصرية -المهارات اللغوية والسمعية واضطرابات النطق -المشكلات الحسية -التعامل مع الورد والاكسل
B44: 42 | C44: سناء محمد عبد العاطى | G44: بكلريوس تجارة | H44: 23/5//85 | I44: 28505232500701 | K44: 44774 | L44: 45474 | M44: العمل مع الاسر -برنامج البورتيدج -ادلة منظمة الصحة العالمية -سلوك الاطفال والمراهقين -سياسة الحماية -الاعاقة البصرية -المهارات اللغوية والسمعية واضطرابات النطق -المشكلات الحسية -التعامل مع الورد والاكسل
A45: 15- وحدة زاوية هارون | B45: 43 | D45: اسيوط | E45: ديروط | F45: زاوية هارون | L45: 45474
B46: 44 | L46: 45474
B47: 45
A48: جمعية الخيرية الاسلامية لتنمية المجتمع بالبورة | B48: 46 | C48: مروه أشرف عبدالرحيم | D48: اسيوط | E48: أسيوط | F48: البورة | G48: بكالوريوس تجاره | H48: 35443 | I48: 2970113250348 | J48: 45063 | M48: البورتدج | N48: تريب على الإعاقة الحركه ٠وكف البصر
B49: 47 | C49: ياسمين حسين عبد ربه | G49: ليسانس دراسات إسلامية | H49: 32736 | I49: 28908161802261 | J49: 5/17/2023 | M49: البورتدج | N49: الاعاقه الحركه وكف البصر
B50: 48 | C50: نورهان ناصر علي | G50: تربية خاصة قسم إعاقة عقليةجامعة الازهر | H50: 37163 | I50: 30109292503225 | J50: 37819 | M50: تدريب عن اضطراب طيف التوحد | N50: عن اللدغات. والإعاقة الالحركيةوالضموراوالتلعثم
A51: وحدة نداء | B51: 49 | C51: نها عبد الموجود احمد | D51: أسيوط | E51: أسيوط | F51: منقباد | G51: بكالوريوس خدمه اجتماعيه | H51: 33689 | I51: 29203262501105 | J51: 44743 | M51: تدريب اعداد معلم تربية خاصة | N51: صعوبات التعلم
B52: 50 | C52: مني سعد حسن | G52: ليسانس اداب وتربيه علم نفس | H52: 34011 | I52: 29302112500648 | J52: 44743 | N52: الاختبارات التشخصية
B53: 51 | C53: منال شعبان عثمان محمد | G53: بكالوريوس تجارة -شعبة محاسبة | H53: 35136 | I53: 29603122501766 | J53: 45182 | M53: تدريب اعداد معلم تربية خاصة | N53: تدريب تخاطب
A54: وحدة رسالة | B54: 52 | C54: هاله هارون عبدالحليم | D54: أسيوط | E54: ابوتيج | F54: ابوتيج | G54: بكالوريوس خدمه اجتماعيه | H54: 32117 | I54: 28712062502628 | J54: 45139 | M54: تدريب التأهيل المجتمعي وتدريب على قواعد وصول +تدريب معلم تربية خاصة | N54: تدريب تخاطب
B55: 53 | C55: ياسمين احمد عبدالحميد | G55: ليسانس آداب علم نفس وتربوي | H55: 34710 | I55: 29501112500748 | J55: 45139 | M55: تدريب تخاطب - تدريب التأهيل المجتمعي وتدريب على قواعد وصول +تدريب معلم تربية خاصة
B56: 54 | C56: سارة محمد أزهري قاسم | G56: بكالوريوس خدمة أجتماعية | H56: 35502 | I56: 29703132501921 | J56: 45139 | M56: تدريب التاهيل المجتمعي+تدريب معلم تربية خاصة
B57: 55 | C57: نور الله محمد عبد العزيز | G57: ليسانس اداب علم نفس | H57: 27565 | I57: 27506202401867 | J57: 44829 | M57: تكامل حسى / تعديل سلوك / تخاطب / تنمية مهارات / تأهيل حركى / اعاقة بصرية / اعاقة سمعية حماية الطفل / زيارات منزلية | N57: شلل دماغى
A58: وحدة جمعية تنمية المجتمع بريفا | B58: 56 | C58: ميادة خالد جمال | E58: أسيوط | F58: ريفا | G58: بكالوريوس لغة عربية | H58: 33871 | I58: 29209242501263 | J58: 44829 | M58: البرنامج التدريبي إعداد معلم تربية خاصة | N58: تدريب كف البصر
B59: 57 | C59: صفاء شعبان عبد اللطيف | G59: دبلوم تجارة | H59: 33649 | I59: 29202152502908 | J59: 44829 | M59: البرنامج التدريبي إعداد معلم تربية خاصة | N59: تدريب كف البصر
B60: 58 | C60: إيمان حسني محمد | G60: بكالوريوس خدمة إجتماعية | H60: 30164 | I60: 28208012502601 | J60: 44829 | M60: دوره icd l البرنامج التدريبي إعداد معلم تربية خاصة | N60: تدريب كف البصر
A61: وحدة امانينا لتنمية المستدامة بالواسطي | B61: 59 | C61: زينب مصطفي علي | E61: الفتح | F61: الواسطي | G61: ثانويه ازهريه | H61: 17/1/2000 | I61: 30001172502009 | J61: 44932 | M61: تدريب اعداد معلم تربية خاصة | N61: تدريب الكف البصري
B62: 60 | C62: صابرين ابراهيم مصطفى | G62: بكالوريوس تربيه طفولة | H62: 19/8/1992 | I62: 29208192500183 | J62: 44932 | M62: تدريب اعداد معلم تربية خاصة | N62: تدريب الكف البصري
C63: حميدة عبدالمنعم حسين | G63: معهد فني تجاري | H63: 30/4/1988 | I63: 28804302502126 | J63: 45158 | M63: تدريب اعداد معلم تربية خاصة | N63: التاهيل الحركى لاطفال الضمور
A64: كوم المنصورة | B64: 62 | C64: مروة حماد عبد الفتاح | E64: ابنوب | F64: كوم المنصورة | G64: بكالوريوس تربية نوعية | H64: 35768 | I64: 29712042501866 | J64: 45060 | M64: تدريب اعداد معلم تربية خاصة | N64: التاهيل الحركى لاطفال الضمور
B65: 63 | C65: أميمه سيد ابو زيد احمد | G65: بكالوريوس تجارة | H65: 36285 | I65: 29905052503665 | J65: 45060 | M65: تدريب اعداد معلم تربية خاصة | N65: تدريب عن لغة الاشاره
B66: 64 | C66: فاطمة رمضان محمد رمضان | G66: دبلوم تجارة | H66: 31837 | I66: 28703012506143 | J66: 45139 | M66: تدريب اعداد معلم تربية خاصة | N66: التاهيل الحركى لاطفال الضمور
A67: النويرة | C67: نعمه محمد | D67: بنى سويف | E67: اهناسيا | F67: النويرة | G67: اداب اجتماع | H67: 33459 | I67: 29108092200321 | J67: 44743 | M67: تدريب بناء قدرات مسؤولات التاهيل داخل جمعية كيان | N67: تدريب عن التاهيل الحركى
C68: نهله محمود | G68: خدمه اجتماعية | H68: 35158 | I68: 209604032201062 | J68: 44743 | M68: تدريب بناء قدرات مسؤولات التاهيل داخل جمعية كيان | N68: تدريب عن التاهيل الحركى
C69: رانيا جمال | G69: اداب اجتماع | H69: 35994 | I69: 29807182200921 | J69: 44743 | M69: تدريب بناء قدرات مسؤولات التاهيل داخل جمعية كيان | N69: تدريب عن التاهيل الحركى
A70: وحدة ببا | C70: حمديه ابو شبهه | D70: بنى سويف | F70: ببا | G70: مؤهل متوسط | H70: 28836 | I70: 27812122200945 | J70: 43466 | M70: تدريب بناء قدرات مسؤولات التاهيل داخل جمعيةكيان | N70: الاحتياج الى التدريب العملى على كل انواع الاعاقات
C71: دعاء ماهر | G71: بكالوريس علوم ذوى احتياجات خاصة | H71: 36201 | I71: 29902102202425 | J71: 43831 | M71: تدريب بناء قدرات مسؤولات التاهيل داخل جمعيةكيان | N71: الاحتياج الى التدريب العملى على كل انواع الاعاقات
C72: منى مسلم | G72: خدمه اجتماعية | H72: 32396 | I72: 28809102202049 | J72: 43831 | M72: تدريب بناء قدرات مسؤولات التاهيل داخل جمعيةكيان | N72: الاحتياج الى التدريب العملى على كل انواع الاعاقات
A73: وحدة سدس | C73: دعاء اسماعيل | D73: بنى سويف | F73: سدس | G73: بكالوريس تجارة | H73: 34387 | I73: 29402222200547 | J73: 44562 | M73: تدريب عملى على التأهيل الاكاديمى | N73: الاحتياج الى التدريب العملى على كل انواع الاعاقات
C74: شيماء سعد | G74: ليسانس اداب اجتماع | H74: 36088 | I74: 29810202200568 | J74: 44562 | M74: حضور جلسات عملية لاطفال التوحد | N74: الاحتياج الى التدريب العملى على كل انواع الاعاقات
C75: اسماء سعيد | G75: ليسانس اداب اجتماع | H75: 36008 | I75: 29808012202861 | J75: 44896 | M75: تدريب عملى على التدخل مع أطفال الشلل الدماغى | N75: الاحتياج الى التدريب العملى على كل انواع الاعاقات
A76: وحدة الرياض | C76: ياسمين نادي نصرالله عبدالله | D76: بني سويف | F76: الرياض | G76: أداب أجتماع | H76: 34229 | I76: 29309172200362 | J76: 45017 | M76: 1- كيان الواسطي اعداد اخصائي تخاطب 2- تدريب البورتاج بكيان الواسطي | N76: تعريف الاعاقه / التأهيل المرتكز علي المحتمع مبادي سياسيه حمايه الطفل / التأهيل الحركي تنميه المهارات اللغويه والسمعيه / اضطرابات النطق برنامج الزيارات المنزليه / اداره سلوك الاطفال والمراهقين العمل الاكاديمي / الاعاقه البصريه
A77: وحدة فزارة طهطا | C77: ساره أبو الحمد أحمد | D77: سوهاج | E77: طهطا | F77: فزاره | G77: بكالوريس اداب و تربيه قسم تاريخ | H77: 36251 | I77: 29904012607224 | J77: 44857
C78: عبير محمود محمد | G78: دبلوم تجاره | H78: 33322 | I78: 29103252603088 | J78: 44857
C79: ناهد محمد أحمد عبدالرحمن | G79: اداب علم نفس | H79: 35448 | I79: 29701182601427 | J79: 44866
A80: وحدة العسيرات | C80: خلود محمود احمد يوسف | D80: سوهاج | E80: العسيرات | F80: اولاد حمزة | G80: بكالوريوس تجارة | H80: 33833 | I80: 29208172600424 | J80: 44829
C81: دعاء احمد سعد احمد | G81: دبلوم تجاره | H81: 32721 | I81: 28908012606581 | J81: 44829
C82: مريم على ابوزيد | G82: دبلوم تجاره | H82: 33055 | I82: 29901076204142 | J82: 44829
C83: وجدان مظهر الحيص مهران | D83: سوهاج | E83: العسيرات | F83: العسيرات | G83: كلية دراسات انسانيه | H83: 34889 | I83: 29507092600501 | J83: 45036

Sheet تقرير شهر يناير
C1: وحدات مكتب منفلوط | W1: وحات مكتب أسيوط
G2: جحدم | H2: الحواتكة | I2: بنى شقير | J2: القوصية | K2: التمساحية | L2: عرب الجهمة | M2: الدير | N2: تناغة | O2: فزارة | P2: القصير | Q2: نزلة ضاهر | R2: ديروط | S2: الحوطا الغربية | T2: دشلوط | U2: زاوية هارون | V2: إجمالى | W2: الواسطى | X2: كوم المنصورة | Y2: أبو تيج | Z2: منقباد | AA2: البورة | AB2: ريفا
A3: إجمالي المستفيدين | B3: إجمالي المستفيدين بالوحدة خلال العام | G3: 120 | H3: 120 | I3: 120 | J3: 120 | K3: 120 | L3: 120 | M3: 120 | N3: 120 | O3: 120 | P3: 120 | Q3: 120 | R3: 120 | S3: 120 | T3: 120 | U3: 120 | V3: =SUM(U3+T3+S3+R3+Q3+P3+O3+N3+M3+L3+K3+J3+I3+H3+G3) -> 1800
B4: إجمالي المستفيدين بالوحدة شهريًا | G4: 80 | H4: 120 | I4: 81 | J4: 80 | K4: 80 | L4: 15 | M4: 120 | N4: 90 | O4: 120 | P4: 120 | Q4: 120 | R4: 120 | S4: 120 | T4: 120 | U4: 0 | V4: =SUM(U4+T4+S4+R4+Q4+P4+O4+N4+M4+L4+K4+J4+I4+H4+G4) -> 1386
A5: عدد الأطفال ذوى الإعاقة (الجلسات التأهيلية داخل بالبرنامج ) | B5: المخطط خلال العام | G5: 20 | H5: 30 | I5: 20 | J5: 20 | K5: 0 | L5: 30 | M5: 30 | N5: 30 | O5: 30 | P5: 30 | Q5: 30 | R5: 60 | S5: 30 | T5: 30 | U5: 0 | V5: =SUM(U5+T5+S5+R5+Q5+P5+O5+N5+M5+L5+K5+J5+I5+H5+G5) -> 390
B6: عدد الأطفال الجدد الذين تم إضافتهم خلال الشهر | G6: 20 | H6: 21 | I6: 21 | J6: 6 | K6: 0 | L6: 11 | M6: 16 | N6: 10 | O6: 9 | P6: 14 | Q6: 11 | R6: 7 | S6: 15 | T6: 30 | U6: 0 | V6: =SUM(U6+T6+S6+R6+Q6+P6+O6+N6+M6+L6+K6+J6+I6+H6+G6) -> 191
B7: عدد الأطفال المنقطعين عن الخدمة خلال الشهر | G7: 0 | H7: 0 | I7: 0 | J7: 3 | K7: 0 | L7: 0 | M7: 0 | N7: 0 | O7: 0 | P7: 0 | Q7: 0 | R7: 0 | S7: 0 | T7: 0 | U7: 0 | V7: =SUM(U7+T7+S7+R7+Q7+P7+O7+N7+M7+L7+K7+J7+I7+H7+G7) -> 3
B8: عدد المستفيدين شهريا من الأطفال (ذكور ) | G8: 11 | I8: 9 | J8: 6 | K8: 0 | L8: 7 | M8: 12 | N8: 22 | O8: 6 | P8: 20 | Q8: 2 | R8: 3 | S8: 12 | T8: 21 | U8: 0 | V8: =SUM(U8+T8+S8+R8+Q8+P8+O8+N8+M8+L8+K8+J8+I8+H8+G8) -> 131
B9: عدد المستفيدين شهريا من الأطفال (اناث) | G9: 9 | I9: 11 | J9: 2 | K9: 0 | L9: 4 | M9: 4 | N9: 8 | O9: 3 | P9: 10 | Q9: 9 | R9: 4 | S9: 3 | T9: 16 | U9: 0 | V9: =SUM(U9+T9+S9+R9+Q9+P9+O9+N9+M9+L9+K9+J9+I9+H9+G9) -> 83
B10: إجمالي عدد الأطفال المنتظمين بالوحدة خلال الشهر (تحت 14 عام ) | G10: 20 | H10: 21 | I10: 21 | J10: 8 | K10: 0 | M10: 16 | N10: 30 | O10: 9 | P10: 30 | Q10: 11 | R10: 7 | S10: 15 | T10: 30 | U10: 0 | V10: =SUM(U10+T10+S10+R10+Q10+P10+O10+N10+M10+L10+K10+J10+I10+H10+G10) -> 218
A11: عدد الأشخاص/الأطفال ذوى الإعاقة (الزيارات المنزلية ) | B11: المخطط خلال العام | G11: 90 | H11: 90 | I11: 90 | J11: 60 | K11: 0 | L11: 90 | M11: 90 | N11: 90 | O11: 90 | P11: 90 | Q11: 90 | R11: 0 | S11: 90 | T11: 90 | U11: 0 | V11: =SUM(U11+T11+S11+R11+Q11+P11+O11+N11+M11+L11+K11+J11+I11+H11+G11) -> 1050
B12: عدد الأشخاص/الأطفال الجدد الذين تم إضافتهم خلال الشهر | G12: 60 | H12: 0 | I12: 63 | J12: 0 | K12: 0 | L12: 0 | M12: 30 | N12: 60 | O12: 0 | P12: 90 | Q12: 5 | R12: 0 | S12: 15 | T12: 92 | U12: 0 | V12: =SUM(U12+T12+S12+R12+Q12+P12+O12+N12+M12+L12+K12+J12+I12+H12+G12) -> 415 | W12: 415
B13: عدد الأطفال المنقطعين عن الخدمة خلال الشهر | G13: 0 | H13: 0 | I13: 0 | J13: 0 | K13: 0 | L13: 0 | M13: 0 | N13: 0 | O13: 0 | P13: 0 | Q13: 0 | R13: 0 | S13: 0 | T13: 0 | U13: 0 | V13: =SUM(U13+T13+S13+R13+Q13+P13+O13+N13+M13+L13+K13+J13+I13+H13+G13) -> 0 | W13: 0
B14: عدد المستفيدين شهريا من الأطفال (ذكور ) | G14: 8 | I14: 20 | J14: 0 | K14: 0 | L14: 0 | M14: 6 | N14: 11 | O14: 0 | P14: 8 | Q14: 4 | R14: 0 | S14: 3 | T14: 22 | U14: 0 | V14: =SUM(U14+T14+S14+R14+Q14+P14+O14+N14+M14+L14+K14+J14+I14+H14+G14) -> 82
B15: عدد المستفيدين شهريا من الأطفال (اناث) | G15: 8 | I15: 14 | J15: 0 | K15: 0 | L15: 0 | M15: 4 | N15: 8 | O15: 0 | P15: 7 | Q15: 0 | R15: 0 | S15: 4 | T15: 16 | U15: 0 | V15: =SUM(U15+T15+S15+R15+Q15+P15+O15+N15+M15+L15+K15+J15+I15+H15+G15) -> 61
B16: عدد المستفيدين شهريا من البالغين (ذكور ) | G16: 23 | I16: 15 | J16: 0 | K16: 0 | L16: 0 | M16: 35 | N16: 21 | O16: 0 | P16: 35 | Q16: 0 | R16: 0 | S16: 5 | T16: 19 | U16: 0 | V16: =SUM(U16+T16+S16+R16+Q16+P16+O16+N16+M16+L16+K16+J16+I16+H16+G16) -> 153
B17: عدد المستفيدين شهريا من البالغين (اناث) | G17: 21 | I17: 12 | J17: 0 | K17: 0 | L17: 0 | M17: 45 | N17: 21 | O17: 0 | P17: 40 | Q17: 1 | R17: 0 | S17: 3 | T17: 35 | U17: 0 | V17: =SUM(U17+T17+S17+R17+Q17+P17+O17+N17+M17+L17+K17+J17+I17+H17+G17) -> 178
B18: إجمالي عدد المستفيدين من خدمة الزيارات المنزلية شهريًا | G18: 60 | I18: 63 | J18: 0 | K18: 0 | L18: 0 | M18: 90 | N18: 60 | O18: 0 | P18: 90 | Q18: 5 | R18: 0 | S18: 15 | T18: 92 | U18: 0 | V18: =SUM(U18+T18+S18+R18+Q18+P18+O18+N18+M18+L18+K18+J18+I18+H18+G18) -> 475
A19: الجلسات التأهيلية داخل الوحدة | B19: جلسات إرشاد للأشخاص أنفسهم | C19: المستهدف الشهري | K19: 0 | U19: 0 | V19: =SUM(U19+T19+S19+R19+Q19+P19+O19+N19+M19+L19+K19+J19+I19+H19+G19) -> 0
C20: الفعلي شهريًا | K20: 0 | U20: 0 | V20: =SUM(U20+T20+S20+R20+Q20+P20+O20+N20+M20+L20+K20+J20+I20+H20+G20) -> 0
B21: جلسات إرشاد لأسر أ.ذ.إ | C21: المستهدف الشهري | K21: 0 | U21: 0 | V21: =SUM(U21+T21+S21+R21+Q21+P21+O21+N21+M21+L21+K21+J21+I21+H21+G21) -> 0
C22: الفعلي شهريًا | K22: 0 | U22: 0 | V22: =SUM(U22+T22+S22+R22+Q22+P22+O22+N22+M22+L22+K22+J22+I22+H22+G22) -> 0
B23: جلسات تأهيلية للأطفال | C23: المستهدف الشهري | I23: 90 | J23: 90 | K23: 0 | P23: 140 | S23: 140 | U23: 0 | V23: =SUM(U23+T23+S23+R23+Q23+P23+O23+N23+M23+L23+K23+J23+I23+H23+G23) -> 460
C24: الفعلي شهريًا | I24: 98 | J24: 40 | K24: 0 | P24: 75 | S24: 80 | U24: 0 | V24: =SUM(U24+T24+S24+R24+Q24+P24+O24+N24+M24+L24+K24+J24+I24+H24+G24) -> 293 | W24: =SUM(G24:U24) -> 293
A25: الجلسات التأهيلية خارج الوحدة | B25: جلسات إرشاد للأشخاص أنفسهم | C25: المستهدف الشهري | U25: 0 | V25: =SUM(U25+T25+S25+R25+Q25+P25+O25+N25+M25+L25+K25+J25+I25+H25+G25) -> 0
C26: الفعلي شهريًا | U26: 0 | V26: =SUM(U26+T26+S26+R26+Q26+P26+O26+N26+M26+L26+K26+J26+I26+H26+G26) -> 0
B27: جلسات إرشاد لأسر أ.ذ.إ | C27: المستهدف الشهري | U27: 0 | V27: =SUM(U27+T27+S27+R27+Q27+P27+O27+N27+M27+L27+K27+J27+I27+H27+G27) -> 0
C28: الفعلي شهريًا | U28: 0 | V28: =SUM(U28+T28+S28+R28+Q28+P28+O28+N28+M28+L28+K28+J28+I28+H28+G28) -> 0
B29: جلسات تأهيلية للأطفال / البالغين | C29: المستهدف الشهري | H29: 100 | N29: 150 | P29: 150 | U29: 0 | V29: =SUM(U29+T29+S29+R29+Q29+P29+O29+N29+M29+L29+K29+J29+I29+H29+G29) -> 400
C30: الفعلي شهريًا | H30: 98 | N30: 154 | P30: 167 | U30: 0 | V30: =SUM(U30+T30+S30+R30+Q30+P30+O30+N30+M30+L30+K30+J30+I30+H30+G30) -> 419 | W30: =SUM(G30:U30) -> 419
A31: الخدمات النفسية | B31: التقييمات التشخيصية | C31: المستهدف الشهري | V31: =SUM(U31+T31+S31+R31+Q31+P31+O31+N31+M31+L31+K31+J31+I31+H31+G31) -> 0
C32: الفعلي شهريًا | V32: =SUM(U32+T32+S32+R32+Q32+P32+O32+N32+M32+L32+K32+J32+I32+H32+G32) -> 0
A33: الأنشطة المجتمعية | B33: الندوات | C33: المستهدف الشهري | V33: =SUM(U33+T33+S33+R33+Q33+P33+O33+N33+M33+L33+K33+J33+I33+H33+G33) -> 0
C34: الفعلي شهريًا | V34: =SUM(U34+T34+S34+R34+Q34+P34+O34+N34+M34+L34+K34+J34+I34+H34+G34) -> 0
B35: الجولات الحرة | C35: المستهدف الشهري | V35: =SUM(U35+T35+S35+R35+Q35+P35+O35+N35+M35+L35+K35+J35+I35+H35+G35) -> 0
C36: الفعلي شهريًا | V36: =SUM(U36+T36+S36+R36+Q36+P36+O36+N36+M36+L36+K36+J36+I36+H36+G36) -> 0
B37: الأيام الترفيهية | C37: المستهدف الشهري | V37: =SUM(U37+T37+S37+R37+Q37+P37+O37+N37+M37+L37+K37+J37+I37+H37+G37) -> 0
C38: الفعلي شهريًا | V38: =SUM(U38+T38+S38+R38+Q38+P38+O38+N38+M38+L38+K38+J38+I38+H38+G38) -> 0
B39: ورش الأسر | C39: المستهدف الشهري | V39: =SUM(U39+T39+S39+R39+Q39+P39+O39+N39+M39+L39+K39+J39+I39+H39+G39) -> 0
C40: الفعلي شهريًا | V40: =SUM(U40+T40+S40+R40+Q40+P40+O40+N40+M40+L40+K40+J40+I40+H40+G40) -> 0
G41: جحدم | H41: الحواتكة | I41: بنى شقير | J41: القوصية | K41: التمساحية | L41: عرب الجهمة | M41: الدير | N41: تناغة | O41: فزارة | P41: القصير | Q41: نزلة ضاهر | R41: ديروط | S41: الحوطا الغربية | T41: دشلوط | U41: زاوية هارون
A42: الخدمات الإجتماعية | B42: مشروع للشخص | V42: =SUM(U42+T42+S42+R42+Q42+P42+O42+N42+M42+L42+K42+J42+I42+H42+G42) -> 0
B43: مشروع للأسرة | V43: =SUM(U43+T43+S43+R43+Q43+P43+O43+N43+M43+L43+K43+J43+I43+H43+G43) -> 0
B44: علاج دوائي | V44: =SUM(U44+T44+S44+R44+Q44+P44+O44+N44+M44+L44+K44+J44+I44+H44+G44) -> 0
B45: عمليات جراحية | V45: =SUM(U45+T45+S45+R45+Q45+P45+O45+N45+M45+L45+K45+J45+I45+H45+G45) -> 0
B46: أطراف صناعية | V46: =SUM(U46+T46+S46+R46+Q46+P46+O46+N46+M46+L46+K46+J46+I46+H46+G46) -> 0
B47: سماعات طبية | V47: =SUM(U47+T47+S47+R47+Q47+P47+O47+N47+M47+L47+K47+J47+I47+H47+G47) -> 0
B48: كرسي متحرك | V48: =SUM(U48+T48+S48+R48+Q48+P48+O48+N48+M48+L48+K48+J48+I48+H48+G48) -> 0
B49: سقف منزل | V49: =SUM(U49+T49+S49+R49+Q49+P49+O49+N49+M49+L49+K49+J49+I49+H49+G49) -> 0
B50: وصلات مياه | V50: =SUM(U50+T50+S50+R50+Q50+P50+O50+N50+M50+L50+K50+J50+I50+H50+G50) -> 0
B51: تشطيب غرف | V51: =SUM(U51+T51+S51+R51+Q51+P51+O51+N51+M51+L51+K51+J51+I51+H51+G51) -> 0
B52: أثاثات للغرف | V52: =SUM(U52+T52+S52+R52+Q52+P52+O52+N52+M52+L52+K52+J52+I52+H52+G52) -> 0
B53: تجهيز حمام | V53: =SUM(U53+T53+S53+R53+Q53+P53+O53+N53+M53+L53+K53+J53+I53+H53+G53) -> 0
B54: أجهزة كهربائية | V54: =SUM(U54+T54+S54+R54+Q54+P54+O54+N54+M54+L54+K54+J54+I54+H54+G54) -> 0
... B60: أخرى تذكر | V60: =SUM(U60+T60+S60+R60+Q60+P60+O60+N60+M60+L60+K60+J60+I60+H60+G60) -> 0

Sheet تقرير فبراير 2023
C1: وحدات مكتب منفلوط
G2: جحدم | H2: الحواتكة | I2: بنى شقير | J2: القوصية | K2: التمساحية | L2: عرب الجهمة | M2: الدير | N2: تناغة | O2: فزارة | P2: القصير | Q2: نزلة ضاهر | R2: ديروط | S2: الحوطا الغربية | T2: دشلوط | U2: زاوية هارون | V2: تونس / سوهاج | W2: إجمالى
A3: إجمالي المستفيدين | B3: إجمالي المستفيدين بالوحدة خلال العام | G3: 120 | H3: 120 | I3: 120 | J3: 120 | K3: 120 | L3: 120 | M3: 120 | N3: 120 | O3: 120 | P3: 120 | Q3: 120 | R3: 120 | S3: 120 | T3: 120 | U3: 120 | V3: 120 | W3: =SUM(V3+U3+T3+S3+R3+Q3+P3+O3+N3+M3+L3+K3+J3+I3+H3+G3) -> 1920 | X3: 1920
B4: إجمالي المستفيدين بالوحدة شهريًا | G4: 80 | H4: 120 | I4: 81 | J4: 80 | K4: 80 | L4: 15 | M4: 120 | N4: 90 | O4: 120 | P4: 120 | Q4: 120 | R4: 120 | S4: 120 | T4: 120 | U4: 0 | V4: 120 | W4: =SUM(V4+U4+T4+S4+R4+Q4+P4+O4+N4+M4+L4+K4+J4+I4+H4+G4) -> 1506 | X4: 1506
A5: عدد الأطفال ذوى الإعاقة (الجلسات التأهيلية داخل بالبرنامج ) | B5: المخطط خلال العام | G5: 20 | H5: 30 | I5: 20 | J5: 20 | K5: 30 | L5: 30 | M5: 30 | N5: 30 | O5: 30 | P5: 30 | Q5: 30 | R5: 60 | S5: 30 | T5: 30 | U5: 0 | V5: 30 | W5: =SUM(V5+U5+T5+S5+R5+Q5+P5+O5+N5+M5+L5+K5+J5+I5+H5+G5) -> 450 | X5: 450
B6: عدد الأطفال الجدد الذين تم إضافتهم خلال الشهر | G6: 0 | H6: 24 | I6: 3 | J6: 9 | K6: 24 | L6: 4 | M6: 0 | N6: 4 | O6: 0 | P6: 14 | Q6: 5 | R6: 14 | S6: 12 | T6: 0 | U6: 0 | V6: 25 | W6: =SUM(V6+U6+T6+S6+R6+Q6+P6+O6+N6+M6+L6+K6+J6+I6+H6+G6) -> 138 | X6: 138
B7: عدد الأطفال المنقطعين عن الخدمة خلال الشهر | G7: 0 | H7: 6 | I7: 5 | J7: 1 | K7: 0 | L7: 0 | M7: 0 | N7: 2 | O7: 0 | P7: 4 | Q7: 4 | R7: 0 | S7: 0 | T7: 0 | U7: 0 | V7: 2 | W7: =SUM(V7+U7+T7+S7+R7+Q7+P7+O7+N7+M7+L7+K7+J7+I7+H7+G7) -> 24 | X7: 24
B8: عدد المستفيدين شهريا من الأطفال (ذكور ) | G8: 11 | H8: 13 | I8: 13 | J8: 10 | K8: 17 | L8: 8 | M8: 0 | N8: 24 | O8: 0 | P8: 20 | Q8: 17 | R8: 12 | S8: 20 | T8: 9 | U8: 0 | V8: 17 | W8: =SUM(V8+U8+T8+S8+R8+Q8+P8+O8+N8+M8+L8+K8+J8+I8+H8+G8) -> 191 | X8: 191
B9: عدد المستفيدين شهريا من الأطفال (اناث) | G9: 9 | H9: 11 | I9: 11 | J9: 4 | K9: 14 | L9: 7 | M9: 0 | N9: 9 | O9: 0 | P9: 10 | Q9: 8 | R9: 2 | S9: 7 | T9: 7 | U9: 0 | V9: 8 | W9: =SUM(V9+U9+T9+S9+R9+Q9+P9+O9+N9+M9+L9+K9+J9+I9+H9+G9) -> 107 | X9: 107
B10: إجمالي عدد الأطفال المنتظمين بالوحدة خلال الشهر (تحت 14 عام ) | G10: 20 | H10: 24 | I10: 24 | J10: 14 | K10: 31 | L10: 15 | M10: 0 | N10: 33 | O10: 0 | P10: 30 | Q10: 25 | R10: 14 | S10: 27 | T10: 16 | U10: 0 | V10: 23 | W10: =SUM(V10+U10+T10+S10+R10+Q10+P10+O10+N10+M10+L10+K10+J10+I10+H10+G10) -> 296 | X10: 196
A11: عدد الأشخاص/الأطفال ذوى الإعاقة (الزيارات المنزلية ) | B11: المخطط خلال العام | G11: 90 | H11: 90 | I11: 90 | J11: 60 | K11: 90 | L11: 90 | M11: 90 | N11: 90 | O11: 90 | P11: 90 | Q11: 90 | R11: 0 | S11: 90 | T11: 90 | U11: 0 | V11: 90 | W11: =SUM(V11+U11+T11+S11+R11+Q11+P11+O11+N11+M11+L11+K11+J11+I11+H11+G11) -> 1230 | X11: 1230
B12: عدد الأشخاص/الأطفال الجدد الذين تم إضافتهم خلال الشهر | G12: 60 | H12: 89 | I12: 61 | J12: 0 | K12: 0 | L12: 0 | M12: 0 | N12: 27 | O12: 0 | P12: 90 | Q12: 70 | R12: 0 | S12: 15 | T12: 0 | U12: 0 | V12: 90 | W12: =SUM(V12+U12+T12+S12+R12+Q12+P12+O12+N12+M12+L12+K12+J12+I12+H12+G12) -> 502 | X12: 502
B13: عدد الأطفال المنقطعين عن الخدمة خلال الشهر | G13: 0 | H13: 0 | I13: 2 | J13: 0 | K13: 0 | L13: 0 | M13: 0 | N13: 0 | O13: 0 | P13: 0 | Q13: 0 | R13: 0 | S13: 0 | T13: 0 | U13: 0 | V13: 0 | W13: =SUM(V13+U13+T13+S13+R13+Q13+P13+O13+N13+M13+L13+K13+J13+I13+H13+G13) -> 2 | X13: 2
B14: عدد المستفيدين شهريا من الأطفال (ذكور ) | G14: 8 | H14: 11 | I14: 20 | J14: 0 | K14: 0 | L14: 0 | M14: 0 | N14: 14 | O14: 0 | P14: 8 | Q14: 5 | R14: 0 | S14: 0 | T14: 6 | U14: 0 | V14: 42 | W14: =SUM(V14+U14+T14+S14+R14+Q14+P14+O14+N14+M14+L14+K14+J14+I14+H14+G14) -> 114 | X14: 114
B15: عدد المستفيدين شهريا من الأطفال (اناث) | G15: 8 | H15: 23 | I15: 14 | J15: 0 | K15: 0 | L15: 0 | M15: 0 | N15: 10 | O15: 0 | P15: 7 | Q15: 5 | R15: 0 | S15: 0 | T15: 11 | U15: 0 | V15: 23 | W15: =SUM(V15+U15+T15+S15+R15+Q15+P15+O15+N15+M15+L15+K15+J15+I15+H15+G15) -> 101 | X15: 101
B16: عدد المستفيدين شهريا من البالغين (ذكور ) | G16: 23 | H16: 25 | I16: 15 | J16: 0 | K16: 0 | L16: 0 | M16: 0 | N16: 37 | O16: 0 | P16: 35 | Q16: 11 | R16: 0 | S16: 0 | T16: 15 | U16: 0 | V16: 15 | W16: =SUM(V16+U16+T16+S16+R16+Q16+P16+O16+N16+M16+L16+K16+J16+I16+H16+G16) -> 176 | X16: 176
B17: عدد المستفيدين شهريا من البالغين (اناث) | G17: 21 | H17: 30 | I17: 12 | J17: 0 | K17: 0 | L17: 0 | M17: 0 | N17: 26 | O17: 0 | P17: 40 | Q17: 13 | R17: 0 | S17: 0 | T17: 15 | U17: 0 | V17: 10 | W17: =SUM(V17+U17+T17+S17+R17+Q17+P17+O17+N17+M17+L17+K17+J17+I17+H17+G17) -> 167 | X17: 167
B18: إجمالي عدد المستفيدين من خدمة الزيارات المنزلية شهريًا | G18: 52 | H18: 89 | I18: 61 | J18: 0 | K18: 0 | L18: 0 | M18: 0 | N18: 71 | O18: 0 | P18: 90 | Q18: 34 | R18: 0 | S18: 15 | T18: 47 | U18: 0 | V18: 90 | W18: =SUM(V18+U18+T18+S18+R18+Q18+P18+O18+N18+M18+L18+K18+J18+I18+H18+G18) -> 549 | X18: 549
A19: الجلسات التأهيلية (داخل الوحدة) | B19: جلسات إرشاد للأشخاص أنفسهم | C19: المستهدف الشهري | K19: 0 | U19: 0 | W19: =SUM(V19+U19+T19+S19+R19+Q19+P19+O19+N19+M19+L19+K19+J19+I19+H19+G19) -> 0 | X19: 0
C20: الفعلي شهريًا | K20: 0 | U20: 0 | W20: =SUM(V20+U20+T20+S20+R20+Q20+P20+O20+N20+M20+L20+K20+J20+I20+H20+G20) -> 0 | X20: 0
B21: جلسات إرشاد لأسر أ.ذ.إ | C21: المستهدف الشهري | K21: 0 | U21: 0 | W21: =SUM(V21+U21+T21+S21+R21+Q21+P21+O21+N21+M21+L21+K21+J21+I21+H21+G21) -> 0 | X21: 0
C22: الفعلي شهريًا | K22: 0 | U22: 0 | W22: =SUM(V22+U22+T22+S22+R22+Q22+P22+O22+N22+M22+L22+K22+J22+I22+H22+G22) -> 0 | X22: 0
B23: جلسات تأهيلية للأطفال | C23: المستهدف الشهري | G23: 100 | H23: 150 | I23: 100 | J23: 100 | K23: 150 | L23: 150 | M23: 150 | N23: 150 | O23: 150 | P23: 150 | Q23: 150 | R23: 300 | S23: 150 | T23: 150 | U23: 0 | V23: 150 | W23: =SUM(V23+U23+T23+S23+R23+Q23+P23+O23+N23+M23+L23+K23+J23+I23+H23+G23) -> 2250 | X23: 2250
C24: الفعلي شهريًا | G24: 95 | H24: 132 | I24: 106 | J24: 48 | K24: 56 | L24: 90 | M24: 0 | N24: 169 | O24: 0 | P24: 85 | Q24: 23 | R24: 59 | S24: 163 | T24: 41 | U24: 0 | V24: 170 | W24: =SUM(V24+U24+T24+S24+R24+Q24+P24+O24+N24+M24+L24+K24+J24+I24+H24+G24) -> 1237 | X24: 1237
A25: الزيارات المنزلية (خارج الوحدة) | B25: جلسات إرشاد للأشخاص أنفسهم | C25: المستهدف الشهري | U25: 0 | W25: =SUM(V25+U25+T25+S25+R25+Q25+P25+O25+N25+M25+L25+K25+J25+I25+H25+G25) -> 0 | X25: 0
C26: الفعلي شهريًا | U26: 0 | W26: =SUM(V26+U26+T26+S26+R26+Q26+P26+O26+N26+M26+L26+K26+J26+I26+H26+G26) -> 0 | X26: 0
B27: جلسات إرشاد لأسر أ.ذ.إ | C27: المستهدف الشهري | U27: 0 | W27: =SUM(V27+U27+T27+S27+R27+Q27+P27+O27+N27+M27+L27+K27+J27+I27+H27+G27) -> 0 | X27: 0
C28: الفعلي شهريًا | U28: 0 | W28: =SUM(V28+U28+T28+S28+R28+Q28+P28+O28+N28+M28+L28+K28+J28+I28+H28+G28) -> 0 | X28: 0
B29: جلسات تأهيلية للأطفال / البالغين | C29: المستهدف الشهري | G29: 120 | H29: 180 | I29: 120 | J29: 0 | K29: 180 | L29: 180 | M29: 180 | N29: 180 | O29: 180 | P29: 180 | Q29: 180 | R29: 0 | S29: 180 | T29: 180 | U29: 0 | V29: 180 | W29: =SUM(V29+U29+T29+S29+R29+Q29+P29+O29+N29+M29+L29+K29+J29+I29+H29+G29) -> 2220 | X29: 2220
C30: الفعلي شهريًا | G30: 70 | H30: 89 | I30: 104 | J30: 0 | K30: 0 | L30: 62 | M30: 0 | N30: 142 | O30: 0 | P30: 167 | Q30: 34 | R30: 0 | S30: 30 | T30: 37 | U30: 0 | V30: 180 | W30: =SUM(V30+U30+T30+S30+R30+Q30+P30+O30+N30+M30+L30+K30+J30+I30+H30+G30) -> 915 | X30: 915
A31: الخدمات النفسية | B31: التقييمات التشخيصية | C31: المستهدف الشهري | W31: =SUM(V31+U31+T31+S31+R31+Q31+P31+O31+N31+M31+L31+K31+J31+I31+H31+G31) -> 0 | X31: 0
C32: الفعلي شهريًا | W32: =SUM(V32+U32+T32+S32+R32+Q32+P32+O32+N32+M32+L32+K32+J32+I32+H32+G32) -> 0 | X32: 0
A33: الأنشطة المجتمعية | B33: الندوات | C33: المستهدف الشهري | W33: =SUM(V33+U33+T33+S33+R33+Q33+P33+O33+N33+M33+L33+K33+J33+I33+H33+G33) -> 0 | X33: 0
C34: الفعلي شهريًا | W34: =SUM(V34+U34+T34+S34+R34+Q34+P34+O34+N34+M34+L34+K34+J34+I34+H34+G34) -> 0 | X34: 0
B35: الجولات الحرة | C35: المستهدف الشهري | W35: =SUM(V35+U35+T35+S35+R35+Q35+P35+O35+N35+M35+L35+K35+J35+I35+H35+G35) -> 0 | X35: 0
C36: الفعلي شهريًا | W36: =SUM(V36+U36+T36+S36+R36+Q36+P36+O36+N36+M36+L36+K36+J36+I36+H36+G36) -> 0 | X36: 0
B37: الأيام الترفيهية | C37: المستهدف الشهري | W37: =SUM(V37+U37+T37+S37+R37+Q37+P37+O37+N37+M37+L37+K37+J37+I37+H37+G37) -> 0 | X37: 0
C38: الفعلي شهريًا | N38: 1 | W38: =SUM(V38+U38+T38+S38+R38+Q38+P38+O38+N38+M38+L38+K38+J38+I38+H38+G38) -> 1 | X38: 1
B39: ورش الأسر | C39: المستهدف الشهري | W39: =SUM(V39+U39+T39+S39+R39+Q39+P39+O39+N39+M39+L39+K39+J39+I39+H39+G39) -> 0 | X39: 0
C40: الفعلي شهريًا | W40: =SUM(V40+U40+T40+S40+R40+Q40+P40+O40+N40+M40+L40+K40+J40+I40+H40+G40) -> 0 | X40: 0
G41: جحدم | H41: الحواتكة | I41: بنى شقير | J41: القوصية | K41: التمساحية | L41: عرب الجهمة | M41: الدير | N41: تناغة | O41: فزارة | P41: القصير | Q41: نزلة ضاهر | R41: ديروط | S41: الحوطا الغربية | T41: دشلوط | U41: زاوية هارون | V41: تونس | X41: 0
A42: الخدمات الإجتماعية | B42: مشروع للشخص | W42: =SUM(V42+U42+T42+S42+R42+Q42+P42+O42+N42+M42+L42+K42+J42+I42+H42+G42) -> 0 | X42: 0
B43: مشروع للأسرة | W43: =SUM(V43+U43+T43+S43+R43+Q43+P43+O43+N43+M43+L43+K43+J43+I43+H43+G43) -> 0 | X43: 0
B44: علاج دوائي | H44: 11 | W44: =SUM(V44+U44+T44+S44+R44+Q44+P44+O44+N44+M44+L44+K44+J44+I44+H44+G44) -> 11 | X44: 11
B45: عمليات جراحية | W45: =SUM(V45+U45+T45+S45+R45+Q45+P45+O45+N45+M45+L45+K45+J45+I45+H45+G45) -> 0 | X45: 0
B46: أطراف صناعية | K46: 1 | W46: =SUM(V46+U46+T46+S46+R46+Q46+P46+O46+N46+M46+L46+K46+J46+I46+H46+G46) -> 1 | X46: 1
B47: سماعات طبية | H47: 12 | W47: =SUM(V47+U47+T47+S47+R47+Q47+P47+O47+N47+M47+L47+K47+J47+I47+H47+G47) -> 12 | X47: 12
B48: كرسي متحرك | W48: =SUM(V48+U48+T48+S48+R48+Q48+P48+O48+N48+M48+L48+K48+J48+I48+H48+G48) -> 0 | X48: 0
B49: سقف منزل | W49: =SUM(V49+U49+T49+S49+R49+Q49+P49+O49+N49+M49+L49+K49+J49+I49+H49+G49) -> 0 | X49: 0
B50: وصلات مياه | W50: =SUM(V50+U50+T50+S50+R50+Q50+P50+O50+N50+M50+L50+K50+J50+I50+H50+G50) -> 0 | X50: 0
B51: تشطيب غرف | W51: =SUM(V51+U51+T51+S51+R51+Q51+P51+O51+N51+M51+L51+K51+J51+I51+H51+G51) -> 0 | X51: 0
B52: أثاثات للغرف | W52: =SUM(V52+U52+T52+S52+R52+Q52+P52+O52+N52+M52+L52+K52+J52+I52+H52+G52) -> 0 | X52: 0
B53: تجهيز حمام | W53: =SUM(V53+U53+T53+S53+R53+Q53+P53+O53+N53+M53+L53+K53+J53+I53+H53+G53) -> 0 | X53: 0
B54: أجهزة كهربائية | W54: =SUM(V54+U54+T54+S54+R54+Q54+P54+O54+N54+M54+L54+K54+J54+I54+H54+G54) -> 0 | X54: 0
B55: بطاطين | W55: =SUM(V55+U55+T55+S55+R55+Q55+P55+O55+N55+M55+L55+K55+J55+I55+H55+G55) -> 0 | X55: 0
B56: بطاقة الخدمات | W56: =SUM(V56+U56+T56+S56+R56+Q56+P56+O56+N56+M56+L56+K56+J56+I56+H56+G56) -> 0 | X56: 0
B57: ملابس وشنط | W57: =SUM(V57+U57+T57+S57+R57+Q57+P57+O57+N57+M57+L57+K57+J57+I57+H57+G57) -> 0 | X57: 0
B58: الإحالة | W58: =SUM(V58+U58+T58+S58+R58+Q58+P58+O58+N58+M58+L58+K58+J58+I58+H58+G58) -> 0 | X58: 0
B59: معاش شهري | H59: 8 | W59: =SUM(V59+U59+T59+S59+R59+Q59+P59+O59+N59+M59+L59+K59+J59+I59+H59+G59) -> 8 | X59: 8
B60: نظارة طبية | H60: 20 | W60: =SUM(V60+U60+T60+S60+R60+Q60+P60+O60+N60+M60+L60+K60+J60+I60+H60+G60) -> 20 | X60: 20
B61: مساعدات مادية من بنك ناصر | H61: 9 | W61: =SUM(V61+U61+T61+S61+R61+Q61+P61+O61+N61+M61+L61+K61+J61+I61+H61+G61) -> 9 | X61: 9
B62: أخرى | L62: 6 | W62: =SUM(V62+U62+T62+S62+R62+Q62+P62+O62+N62+M62+L62+K62+J62+I62+H62+G62) -> 6 | X62: 6

Sheet تقرير مارس 2023
C1: وحدات مكتب منفلوط | V1: مكتب سوهاج | Z1: مكتب بنى سويف
G2: جحدم | H2: الحواتكة | I2: بنى شقير | J2: القوصية | K2: التمساحية | L2: عرب الجهمة | M2: الدير | N2: تناغة | O2: فزارة | P2: القصير | Q2: نزلة ضاهر | R2: ديروط | S2: الحوطا الغربية | T2: دشلوط | U2: زاوية هارون | V2: تونس | W2: المنشأه | X2: العسيرات | Y2: كوم بدار | Z2: فزارة | AA2: ببا | AB2: إجمالى
A3: إجمالي المستفيدين | B3: إجمالي المستفيدين بالوحدة خلال العام | G3: 120 | H3: 120 | I3: 120 | J3: 120 | K3: 120 | L3: 120 | M3: 120 | N3: 120 | O3: 120 | P3: 120 | Q3: 120 | R3: 120 | S3: 120 | T3: 120 | U3: 0 | V3: 120 | W3: 120 | X3: 120 | Y3: 120 | Z3: 120 | AA3: 120 | AB3: =SUM(AA3+Z3+Y3+X3+W3+V3+U3+T3+S3+R3+Q3+P3+O3+N3+M3+L3+K3+J3+I3+H3+G3) -> 2400
B4: إجمالي المستفيدين بالوحدة شهريًا | G4: 80 | H4: 120 | I4: 81 | J4: 80 | K4: 80 | L4: 15 | M4: 120 | N4: 90 | O4: 120 | P4: 120 | Q4: 120 | R4: 120 | S4: 120 | T4: 120 | U4: 0 | V4: 120 | W4: 120 | X4: 120 | Y4: 120 | Z4: 120 | AA4: 120 | AB4: =SUM(AA4+Z4+Y4+X4+W4+V4+U4+T4+S4+R4+Q4+P4+O4+N4+M4+L4+K4+J4+I4+H4+G4) -> 2106
A5: عدد الأطفال ذوى الإعاقة (الجلسات التأهيلية داخل بالبرنامج ) | B5: المخطط خلال العام | G5: 50 | H5: 50 | I5: 50 | J5: 75 | K5: 50 | L5: 50 | M5: 50 | N5: 50 | O5: 50 | P5: 50 | Q5: 50 | R5: 75 | S5: 50 | T5: 50 | U5: 0 | V5: 50 | W5: 50 | X5: 50 | Y5: 50 | Z5: 50 | AA5: 50 | AB5: =SUM(AA5+Z5+Y5+X5+W5+V5+U5+T5+S5+R5+Q5+P5+O5+N5+M5+L5+K5+J5+I5+H5+G5) -> 1050
B6: عدد الأطفال الجدد الذين تم إضافتهم خلال الشهر | G6: 0 | H6: 6 | I6: 3 | J6: 2 | K6: 0 | L6: 3 | M6: 30 | N6: 0 | O6: 0 | Q6: 0 | R6: 12 | S6: 0 | U6: 0 | V6: 3 | AA6: 8 | AB6: =SUM(AA6+Z6+Y6+X6+W6+V6+U6+T6+S6+R6+Q6+P6+O6+N6+M6+L6+K6+J6+I6+H6+G6) -> 67
B7: عدد الأطفال المنقطعين عن الخدمة خلال الشهر | G7: 10 | H7: 0 | I7: 2 | J7: 2 | K7: 12 | L7: 1 | M7: 0 | N7: 3 | O7: 0 | P7: 0 | Q7: 8 | R7: 0 | S7: 0 | T7: 1 | U7: 0 | V7: 2 | W7: 7 | Z7: 3 | AA7: 9 | AB7: =SUM(AA7+Z7+Y7+X7+W7+V7+U7+T7+S7+R7+Q7+P7+O7+N7+M7+L7+K7+J7+I7+H7+G7) -> 60
B8: عدد المستفيدين شهريا من الأطفال (ذكور ) | G8: 2 | H8: 18 | I8: 10 | J8: 11 | K8: 15 | L8: 9 | M8: 26 | N8: 21 | O8: 19 | P8: 20 | Q8: 11 | R8: 14 | S8: 20 | T8: 7 | U8: 0 | V8: 14 | W8: 13 | X8: 8 | Y8: 6 | Z8: 12 | AA8: 12 | AB8: =SUM(AA8+Z8+Y8+X8+W8+V8+U8+T8+S8+R8+Q8+P8+O8+N8+M8+L8+K8+J8+I8+H8+G8) -> 268
B9: عدد المستفيدين شهريا من الأطفال (اناث) | G9: 8 | H9: 12 | I9: 12 | J9: 3 | K9: 5 | L9: 9 | M9: 4 | N9: 9 | O9: 7 | P9: 10 | Q9: 6 | R9: 12 | S9: 7 | T9: 8 | U9: 0 | V9: 9 | W9: 5 | X9: 8 | Y9: 5 | Z9: 12 | AA9: 16 | AB9: =SUM(AA9+Z9+Y9+X9+W9+V9+U9+T9+S9+R9+Q9+P9+O9+N9+M9+L9+K9+J9+I9+H9+G9) -> 167
B10: إجمالي عدد الأطفال المنتظمين بالوحدة خلال الشهر (تحت 14 عام ) | G10: =SUM(G8+G9) -> 10 | H10: =SUM(H8+H9) -> 30 | I10: =SUM(I8+I9) -> 22 | J10: =SUM(J8+J9) -> 14 | K10: =SUM(K8+K9) -> 20 | L10: =SUM(L8+L9) -> 18 | M10: =SUM(M8+M9) -> 30 | N10: =SUM(N8+N9) -> 30 | ... AA10: =SUM(AA8+AA9) -> 28 | AB10: =SUM(AA10+Z10+Y10+X10+W10+V10+U10+T10+S10+R10+Q10+P10+O10+N10+M10+L10+K10+J10+I10+H10+G10) -> 435
A11: عدد الأشخاص الذين تم رصدهم | B11: عدد الأشخاص الذين تم رصدهم بالكامل | N11: 271 | Q11: 337 | AB11: =SUM(AA11+Z11+Y11+X11+W11+V11+U11+T11+S11+R11+Q11+P11+O11+N11+M11+L11+K11+J11+I11+H11+G11) -> 608
B12: عدد الأشخاص الذين تم رصدهم خلال الشهر | N12: 7 | Q12: 93 | AB12: =SUM(AA12+Z12+Y12+X12+W12+V12+U12+T12+S12+R12+Q12+P12+O12+N12+M12+L12+K12+J12+I12+H12+G12) -> 100
A13: عدد الأشخاص/الأطفال ذوى الإعاقة (الزيارات المنزلية ) | B13: المخطط خلال العام | N13: 0 | Q13: 0 | AB13: =SUM(AA13+Z13+Y13+X13+W13+V13+U13+T13+S13+R13+Q13+P13+O13+N13+M13+L13+K13+J13+I13+H13+G13) -> 0
B14: عدد الأشخاص/الأطفال الجدد الذين تم إضافتهم خلال الشهر | G14: 60 | I14: 0 | J14: 0 | K14: 0 | L14: 0 | M14: 0 | N14: 0 | O14: 0 | P14: 0 | Q14: 11 | R14: 0 | T14: 28 | U14: 0 | W14: 0 | AA14: 1 | AB14: =SUM(AA14+Z14+Y14+X14+W14+V14+U14+T14+S14+R14+Q14+P14+O14+N14+M14+L14+K14+J14+I14+H14+G14) -> 100
B15: عدد الأطفال المنقطعين عن الخدمة خلال الشهر | G15: 0 | I15: 1 | J15: 0 | K15: 0 | L15: 0 | M15: 0 | N15: 0 | O15: 0 | P15: 0 | Q15: 0 | R15: 0 | T15: 0 | U15: 0 | W15: 5 | X15: 0 | Y15: 0 | Z15: 9 | AA15: 6 | AB15: =SUM(AA15+Z15+Y15+X15+W15+V15+U15+T15+S15+R15+Q15+P15+O15+N15+M15+L15+K15+J15+I15+H15+G15) -> 21
B16: عدد المستفيدين شهريا من الأطفال (ذكور ) | G16: 7 | H16: 11 | I16: 20 | J16: 0 | K16: 2 | L16: 12 | M16: 4 | N16: 14 | O16: 4 | P16: 8 | Q16: 16 | R16: 0 | T16: 19 | U16: 0 | V16: 42 | W16: 9 | X16: 0 | Y16: 0 | Z16: 15 | AA16: 4 | AB16: =SUM(AA16+Z16+Y16+X16+W16+V16+U16+T16+S16+R16+Q16+P16+O16+N16+M16+L16+K16+J16+I16+H16+G16) -> 187
B17: عدد المستفيدين شهريا من الأطفال (اناث) | G17: 7 | H17: 23 | I17: 13 | J17: 0 | K17: 4 | L17: 7 | M17: 6 | N17: 10 | O17: 2 | P17: 7 | Q17: 13 | R17: 0 | T17: 17 | U17: 0 | V17: 23 | W17: 13 | X17: 0 | Y17: 0 | Z17: 11 | AA17: 13 | AB17: =SUM(AA17+Z17+Y17+X17+W17+V17+U17+T17+S17+R17+Q17+P17+O17+N17+M17+L17+K17+J17+I17+H17+G17) -> 169
B18: عدد المستفيدين شهريا من البالغين (ذكور ) | G18: 5 | H18: 26 | I18: 15 | J18: 0 | K18: 13 | L18: 20 | M18: 38 | N18: 37 | O18: 3 | P18: 35 | Q18: 10 | R18: 0 | T18: 17 | U18: 0 | V18: 15 | W18: 25 | X18: 0 | Y18: 14 | Z18: 17 | AA18: 8 | AB18: =SUM(AA18+Z18+Y18+X18+W18+V18+U18+T18+S18+R18+Q18+P18+O18+N18+M18+L18+K18+J18+I18+H18+G18) -> 298
B19: عدد المستفيدين شهريا من البالغين (اناث) | G19: 12 | H19: 30 | I19: 12 | J19: 0 | K19: 20 | L19: 15 | M19: 42 | N19: 26 | O19: 6 | P19: 40 | Q19: 6 | R19: 0 | T19: 22 | U19: 0 | V19: 10 | W19: 22 | X19: 0 | Y19: 13 | Z19: 14 | AA19: 9 | AB19: =SUM(AA19+Z19+Y19+X19+W19+V19+U19+T19+S19+R19+Q19+P19+O19+N19+M19+L19+K19+J19+I19+H19+G19) -> 299
B20: إجمالي عدد المستفيدين من خدمة الزيارات المنزلية شهريًا | G20: 33 | H20: =SUM(H16+H17+H18+H19) -> 90 | I20: 60 | J20: =SUM(J16+J17+J18+J19) -> 0 | K20: =SUM(K16+K17+K18+K19) -> 39 | L20: =SUM(L16+L17+L18+L19) -> 54 | M20: =SUM(M16+M17+M18+M19) -> 90 | N20: =SUM(N16+N17+N18+N19) -> 87 | O20: 15 | P20: =SUM(P16+P17+P18+P19) -> 90 | Q20: =SUM(Q16+Q17+Q18+Q19) -> 45 | R20: =SUM(R16+R17+R18+R19) -> 0 | S20: =SUM(S16+S17+S18+S19) -> 0 | T20: =SUM(T16+T17+T18+T19) -> 75 | U20: =SUM(U16+U17+U18+U19) -> 0 | V20: =SUM(V16+V17+V18+V19) -> 90 | W20: =SUM(W16+W17+W18+W19) -> 69 | ... AA20: =SUM(AA16+AA17+AA18+AA19) -> 34 | AB20: =SUM(AA20+Z20+Y20+X20+W20+V20+U20+T20+S20+R20+Q20+P20+O20+N20+M20+L20+K20+J20+I20+H20+G20) -> 955
A21: جلسات تأهيل داخل الوحدة | B21: جلسات إرشاد لأسر أ.ذ.إ | C21: المستهدف الشهري | K21: 0 | U21: 0 | AB21: =SUM(AA21+Z21+Y21+X21+W21+V21+U21+T21+S21+R21+Q21+P21+O21+N21+M21+L21+K21+J21+I21+H21+G21) -> 0
C22: الفعلي شهريًا | K22: 0 | N22: 2 | U22: 0 | V22: 5 | AB22: =SUM(AA22+Z22+Y22+X22+W22+V22+U22+T22+S22+R22+Q22+P22+O22+N22+M22+L22+K22+J22+I22+H22+G22) -> 7
B23: جلسات تأهيلية للأطفال | C23: المستهدف الشهري | G23: 100 | H23: 150 | I23: 100 | J23: 100 | K23: 150 | L23: 150 | M23: 150 | N23: 150 | O23: 150 | P23: 150 | Q23: 150 | R23: 300 | S23: 150 | T23: 150 | U23: 0 | V23: 150 | W23: 150 | X23: 150 | Y23: 150 | Z23: 150 | AA23: 150 | AB23: =SUM(AA23+Z23+Y23+X23+W23+V23+U23+T23+S23+R23+Q23+P23+O23+N23+M23+L23+K23+J23+I23+H23+G23) -> 3000
C24: الفعلي شهريًا | G24: 68 | H24: 93 | I24: 90 | J24: 52 | K24: 58 | L24: 100 | M24: 134 | N24: 135 | O24: 68 | P24: 85 | Q24: 97 | R24: 77 | S24: 120 | T24: 103 | U24: 0 | V24: 168 | W24: 44 | X24: 87 | Y24: 70 | Z24: 99 | AA24: 120 | AB24: =SUM(AA24+Z24+Y24+X24+W24+V24+U24+T24+S24+R24+Q24+P24+O24+N24+M24+L24+K24+J24+I24+H24+G24) -> 1868
A25: الزيارات المنزلية (خارج الوحدة) | B25: جلسات إرشاد للأشخاص أنفسهم | C25: المستهدف الشهري | U25: 0 | AB25: =SUM(AA25+Z25+Y25+X25+W25+V25+U25+T25+S25+R25+Q25+P25+O25+N25+M25+L25+K25+J25+I25+H25+G25) -> 0
C26: الفعلي شهريًا | G26: 20 | H26: 112 | I26: 40 | N26: 5 | P26: 135 | Q26: 25 | U26: 0 | AB26: =SUM(AA26+Z26+Y26+X26+W26+V26+U26+T26+S26+R26+Q26+P26+O26+N26+M26+L26+K26+J26+I26+H26+G26) -> 337
B27: جلسات إرشاد لأسر أ.ذ.إ | C27: المستهدف الشهري | AB27: =SUM(AA27+Z27+Y27+X27+W27+V27+U27+T27+S27+R27+Q27+P27+O27+N27+M27+L27+K27+J27+I27+H27+G27) -> 0
C28: الفعلي شهريًا | H28: 57 | L28: 90 | N28: 3 | O28: 10 | P28: 15 | Q28: 17 | AB28: =SUM(AA28+Z28+Y28+X28+W28+V28+U28+T28+S28+R28+Q28+P28+O28+N28+M28+L28+K28+J28+I28+H28+G28) -> 192
B29: جلسات تأهيلية للأطفال / البالغين (تنمية قدرات/ تنمية المهارات اللغوية/ تنمية المهارات الحركية/ تنمية المهارات الأكاديمية) | C29: المستهدف الشهري | AB29: =SUM(AA29+Z29+Y29+X29+W29+V29+U29+T29+S29+R29+Q29+P29+O29+N29+M29+L29+K29+J29+I29+H29+G29) -> 0
C30: الفعلي شهريًا | G30: 20 | H30: 28 | M30: 160 | N30: 174 | O30: 6 | P30: 25 | Q30: 25 | AB30: =SUM(AA30+Z30+Y30+X30+W30+V30+U30+T30+S30+R30+Q30+P30+O30+N30+M30+L30+K30+J30+I30+H30+G30) -> 438
B31: زيارات تستهدف خدمات إجتماعية | C31: المستهدف الشهري | N31: 0 | Q31: 0 | U31: 0 | AB31: =SUM(AA31+Z31+Y31+X31+W31+V31+U31+T31+S31+R31+Q31+P31+O31+N31+M31+L31+K31+J31+I31+H31+G31) -> 0
C32: الفعلي شهريًا | G32: 15 | I32: 55 | N32: 0 | Q32: 15 | U32: 0 | AB32: =SUM(AA32+Z32+Y32+X32+W32+V32+U32+T32+S32+R32+Q32+P32+O32+N32+M32+L32+K32+J32+I32+H32+G32) -> 85
B33: إجمالي عدد الزيارات المنفذة | C33: المستهدف الشهري | G33: 120 | H33: 180 | I33: 120 | J33: 0 | K33: 180 | L33: 180 | M33: 180 | N33: 180 | O33: 180 | P33: 180 | Q33: 180 | R33: 0 | S33: 180 | T33: 180 | U33: 0 | V33: 180 | W33: 180 | X33: 180 | Y33: 180 | Z33: 180 | AA33: 180 | AB33: =SUM(AA33+Z33+Y33+X33+W33+V33+U33+T33+S33+R33+Q33+P33+O33+N33+M33+L33+K33+J33+I33+H33+G33) -> 3120
C34: الفعلي شهريًا | G34: =SUM(G26+G28+G30+G32) -> 55 | H34: =SUM(H26+H28+H30+H32) -> 197 | I34: =SUM(I26+I28+I30+I32) -> 95 | J34: =SUM(J26+J28+J30+J32) -> 0 | K34: 37 | L34: 90 | M34: =SUM(M26+M28+M30+M32) -> 160 | N34: =SUM(N26+N28+N30+N32) -> 182 | O34: =SUM(O26+O28+O30+O32) -> 16 | P34: =SUM(P26+P28+P30+P32) -> 175 | Q34: =SUM(Q26+Q28+Q30+Q32) -> 82 | R34: =SUM(R26+R28+R30+R32) -> 0 | S34: 90 | T34: 78 | U34: =SUM(U26+U28+U30+U32) -> 0 | V34: 180 | W34: 140 | X34: 0 | Y34: 54 | Z34: 130 | AA34: 124 | AB34: =SUM(AA34+Z34+Y34+X34+W34+V34+U34+T34+S34+R34+Q34+P34+O34+N34+M34+L34+K34+J34+I34+H34+G34) -> 1885
A35: الخدمات النفسية | B35: التقييمات التشخيصية | C35: المستهدف الشهري | AB35: =SUM(AA35+Z35+Y35+X35+W35+V35+U35+T35+S35+R35+Q35+P35+O35+N35+M35+L35+K35+J35+I35+H35+G35) -> 0
C36: الفعلي شهريًا | Q36: 11 | AB36: =SUM(AA36+Z36+Y36+X36+W36+V36+U36+T36+S36+R36+Q36+P36+O36+N36+M36+L36+K36+J36+I36+H36+G36) -> 11
A37: الأنشطة المجتمعية | B37: الندوات | C37: المستهدف الشهري | I37: 1 | N37: 1 | Q37: 1 | T37: 1 | AB37: =SUM(AA37+Z37+Y37+X37+W37+V37+U37+T37+S37+R37+Q37+P37+O37+N37+M37+L37+K37+J37+I37+H37+G37) -> 4
C38: الفعلي شهريًا | I38: 1 | N38: 1 | Q38: 1 | T38: 1 | AB38: =SUM(AA38+Z38+Y38+X38+W38+V38+U38+T38+S38+R38+Q38+P38+O38+N38+M38+L38+K38+J38+I38+H38+G38) -> 4
B39: الجولات الحرة | C39: المستهدف الشهري | M39: 1 | AB39: =SUM(AA39+Z39+Y39+X39+W39+V39+U39+T39+S39+R39+Q39+P39+O39+N39+M39+L39+K39+J39+I39+H39+G39) -> 1
C40: الفعلي شهريًا | M40: 1 | AB40: =SUM(AA40+Z40+Y40+X40+W40+V40+U40+T40+S40+R40+Q40+P40+O40+N40+M40+L40+K40+J40+I40+H40+G40) -> 1
B41: الأيام الترفيهية | C41: المستهدف الشهري | AB41: =SUM(AA41+Z41+Y41+X41+W41+V41+U41+T41+S41+R41+Q41+P41+O41+N41+M41+L41+K41+J41+I41+H41+G41) -> 0
C42: الفعلي شهريًا | N42: 1 | S42: 1 | AB42: =SUM(AA42+Z42+Y42+X42+W42+V42+U42+T42+S42+R42+Q42+P42+O42+N42+M42+L42+K42+J42+I42+H42+G42) -> 2
B43: ورش الأسر | C43: المستهدف الشهري | AB43: =SUM(AA43+Z43+Y43+X43+W43+V43+U43+T43+S43+R43+Q43+P43+O43+N43+M43+L43+K43+J43+I43+H43+G43) -> 0
C44: الفعلي شهريًا | AB44: =SUM(AA44+Z44+Y44+X44+W44+V44+U44+T44+S44+R44+Q44+P44+O44+N44+M44+L44+K44+J44+I44+H44+G44) -> 0
G45: جحدم | H45: الحواتكة | I45: بنى شقير | J45: القوصية | K45: التمساحية | L45: عرب الجهمة | M45: الدير | N45: تناغة | O45: فزارة | P45: القصير | Q45: نزلة ضاهر | R45: ديروط | S45: الحوطا الغربية | T45: دشلوط | U45: زاوية هارون | V45: تونس | W45: المنشأه | X45: العسيرات | Y45: كوم بدار | Z45: فزارة | AA45: ببا
A46: الخدمات الإجتماعية | B46: مشروع للشخص | AB46: =SUM(AA46+Z46+Y46+X46+W46+V46+U46+T46+S46+R46+Q46+P46+O46+N46+M46+L46+K46+J46+I46+H46+G46) -> 0
B47: مشروع للأسرة | AB47: =SUM(AA47+Z47+Y47+X47+W47+V47+U47+T47+S47+R47+Q47+P47+O47+N47+M47+L47+K47+J47+I47+H47+G47) -> 0
B48: علاج دوائي | K48: 1 | N48: 1 | AB48: =SUM(AA48+Z48+Y48+X48+W48+V48+U48+T48+S48+R48+Q48+P48+O48+N48+M48+L48+K48+J48+I48+H48+G48) -> 2
B49: عمليات جراحية | AB49: =SUM(AA49+Z49+Y49+X49+W49+V49+U49+T49+S49+R49+Q49+P49+O49+N49+M49+L49+K49+J49+I49+H49+G49) -> 0
B50: أطراف صناعية | AB50: =SUM(AA50+Z50+Y50+X50+W50+V50+U50+T50+S50+R50+Q50+P50+O50+N50+M50+L50+K50+J50+I50+H50+G50) -> 0
B51: سماعات طبية | AB51: =SUM(AA51+Z51+Y51+X51+W51+V51+U51+T51+S51+R51+Q51+P51+O51+N51+M51+L51+K51+J51+I51+H51+G51) -> 0
B52: كرسي متحرك | R52: 1 | AB52: =SUM(AA52+Z52+Y52+X52+W52+V52+U52+T52+S52+R52+Q52+P52+O52+N52+M52+L52+K52+J52+I52+H52+G52) -> 1
B53: سقف منزل | AB53: =SUM(AA53+Z53+Y53+X53+W53+V53+U53+T53+S53+R53+Q53+P53+O53+N53+M53+L53+K53+J53+I53+H53+G53) -> 0
B54: وصلات مياه | AB54: =SUM(AA54+Z54+Y54+X54+W54+V54+U54+T54+S54+R54+Q54+P54+O54+N54+M54+L54+K54+J54+I54+H54+G54) -> 0
B55: تشطيب غرف | AB55: =SUM(AA55+Z55+Y55+X55+W55+V55+U55+T55+S55+R55+Q55+P55+O55+N55+M55+L55+K55+J55+I55+H55+G55) -> 0
B56: أثاثات للغرف | AB56: =SUM(AA56+Z56+Y56+X56+W56+V56+U56+T56+S56+R56+Q56+P56+O56+N56+M56+L56+K56+J56+I56+H56+G56) -> 0
B57: تجهيز حمام | AB57: =SUM(AA57+Z57+Y57+X57+W57+V57+U57+T57+S57+R57+Q57+P57+O57+N57+M57+L57+K57+J57+I57+H57+G57) -> 0
B58: أجهزة كهربائية | AB58: =SUM(AA58+Z58+Y58+X58+W58+V58+U58+T58+S58+R58+Q58+P58+O58+N58+M58+L58+K58+J58+I58+H58+G58) -> 0
B59: بطاطين | AB59: =SUM(AA59+Z59+Y59+X59+W59+V59+U59+T59+S59+R59+Q59+P59+O59+N59+M59+L59+K59+J59+I59+H59+G59) -> 0
B60: بطاقة الخدمات | AB60: =SUM(AA60+Z60+Y60+X60+W60+V60+U60+T60+S60+R60+Q60+P60+O60+N60+M60+L60+K60+J60+I60+H60+G60) -> 0
B61: ملابس وشنط | H61: 10 | N61: 20 | AB61: =SUM(AA61+Z61+Y61+X61+W61+V61+U61+T61+S61+R61+Q61+P61+O61+N61+M61+L61+K61+J61+I61+H61+G61) -> 30
B62: الإحالة | H62: 12 | AB62: =SUM(AA62+Z62+Y62+X62+W62+V62+U62+T62+S62+R62+Q62+P62+O62+N62+M62+L62+K62+J62+I62+H62+G62) -> 12
B63: معاش شهري | AB63: =SUM(AA63+Z63+Y63+X63+W63+V63+U63+T63+S63+R63+Q63+P63+O63+N63+M63+L63+K63+J63+I63+H63+G63) -> 0
B64: نظارة طبية | AB64: =SUM(AA64+Z64+Y64+X64+W64+V64+U64+T64+S64+R64+Q64+P64+O64+N64+M64+L64+K64+J64+I64+H64+G64) -> 0
B65: مساعدات مادية من بنك ناصر | AB65: =SUM(AA65+Z65+Y65+X65+W65+V65+U65+T65+S65+R65+Q65+P65+O65+N65+M65+L65+K65+J65+I65+H65+G65) -> 0
B66: أخرى | L66: 6 | P66: 50 | Q66: 18 | R66: 1 | AB66: =SUM(U66+T66+S66+R66+Q66+P66+O66+N66+M66+L66+K66+J66+I66+H66+G66) -> 75
B67: اجمالى | G67: =SUM(G7+G10+G15+G20) -> 53 | H67: =SUM(H7+H10+H15+H20) -> 120 | I67: =SUM(I7+I10+I15+I20) -> 85 | J67: =SUM(J7+J10+J15+J20) -> 16 | K67: =SUM(K7+K10+K15+K20) -> 71 | L67: =SUM(L7+L10+L15+L20) -> 73 | M67: =SUM(M7+M10+M15+M20) -> 120 | N67: =SUM(N7+N10+N15+N20) -> 120 | ... AA67: =SUM(AA7+AA10+AA15+AA20) -> 77 | AB67: =SUM(AA67+Z67+Y67+X67+W67+V67+T67+S67+R67+Q67+P67+O67+N67+M67+L67+K67+J67+I67+H67+G67) -> 1471
G68: 53 | H68: 126 | I68: 91 | J68: 20 | K68: 72 | L68: 73 | M68: 125 | N68: 121 | O68: 41 | P68: 123 | Q68: 87 | R68: 55 | S68: 27 | T68: 90 | V68: 115 | W68: 99 | X68: 16 | Y68: 38 | Z68: 93 | AA68: 77 | AB68: =SUM(AA68+Z68+Y68+X68+W68+V68+U68+T68+S68+R68+Q68+P68+O68+N68+M68+L68+K68+J68+I68+H68+G68) -> 1542
B69: تنفيذ عدد 4 ندوات توعية عن الأكتشاف المبكر للأعاقة السمعية وتم توعية عدد ( 89 أسرة )
B70: تنفيذ 11 تقييم نفسى لوحدة نزلة ضاهر

Sheet تقرير أبريل 2023
C1: وحدات مكتب منفلوط | V1: مكتب سوهاج | AA1: مكتب بنى سويف
G2: جحدم | H2: الحواتكة | I2: بنى شقير | J2: القوصية | K2: التمساحية | L2: عرب الجهمة | M2: الدير | N2: تناغة | O2: فزارة | P2: القصير | Q2: نزلة ضاهر | R2: ديروط | S2: الحوطا الغربية | T2: دشلوط | U2: زاوية هارون | V2: تونس | W2: المنشأه | X2: العسيرات | Y2: كوم بدار | Z2: فزارة | AA2: النويرة | AB2: ببا | AC2: إجمالى
A3: إجمالي المستفيدين | B3: إجمالي المستفيدين بالوحدة خلال العام | G3: 120 | H3: 120 | I3: 120 | J3: 120 | K3: 120 | L3: 120 | M3: 120 | N3: 120 | O3: 120 | P3: 120 | Q3: 120 | R3: 120 | S3: 120 | T3: 120 | U3: 0 | V3: 120 | W3: 120 | X3: 120 | Y3: 120 | Z3: 120 | AA3: 120 | AB3: 120 | AC3: =SUM(AB3+AA3+Z3+Y3+X3+W3+V3+U3+T3+S3+R3+Q3+P3+O3+N3+M3+L3+K3+J3+I3+H3+G3) -> 2520
B4: إجمالي المستفيدين بالوحدة شهريًا | G4: 80 | H4: 120 | I4: 81 | J4: 80 | K4: 80 | L4: 120 | M4: 120 | N4: 90 | O4: 120 | P4: 120 | Q4: 120 | R4: 120 | S4: 120 | T4: 120 | U4: 0 | V4: 120 | W4: 120 | X4: 120 | Y4: 120 | Z4: 120 | AA4: 120 | AB4: 120 | AC4: =SUM(AB4+AA4+Z4+Y4+X4+W4+V4+U4+T4+S4+R4+Q4+P4+O4+N4+M4+L4+K4+J4+I4+H4+G4) -> 2331
A5: عدد الأطفال ذوى الإعاقة (الجلسات التأهيلية داخل بالبرنامج ) | B5: المخطط خلال العام | G5: 50 | H5: 50 | I5: 50 | J5: 75 | K5: 50 | L5: 50 | M5: 50 | N5: 50 | O5: 50 | P5: 50 | Q5: 50 | R5: 75 | S5: 50 | T5: 50 | U5: 0 | V5: 50 | W5: 50 | X5: 50 | Y5: 50 | Z5: 50 | AA5: 50 | AB5: 50 | AC5: =SUM(AB5+AA5+Z5+Y5+X5+W5+V5+U5+T5+S5+R5+Q5+P5+O5+N5+M5+L5+K5+J5+I5+H5+G5) -> 1100
B6: عدد الأطفال الجدد الذين تم إضافتهم خلال الشهر | G6: 11 | H6: 6 | I6: 1 | J6: 4 | K6: 0 | L6: 3 | M6: 30 | N6: 0 | O6: 2 | Q6: 6 | R6: 3 | S6: 1 | U6: 0 | V6: 1 | W6: 1 | Z6: 3 | AA6: 0 | AB6: 3 | AC6: =SUM(AB6+AA6+Z6+Y6+X6+W6+V6+U6+T6+S6+R6+Q6+P6+O6+N6+M6+L6+K6+J6+I6+H6+G6) -> 75
B7: عدد الأطفال المنقطعين عن الخدمة خلال الشهر | G7: 0 | H7: 0 | I7: 2 | J7: 0 | K7: 5 | L7: 1 | M7: 2 | N7: 17 | O7: 4 | P7: 0 | Q7: 8 | R7: 6 | S7: 3 | T7: 0 | U7: 0 | V7: 1 | W7: 6 | Z7: 0 | AA7: 0 | AB7: 0 | AC7: =SUM(AB7+AA7+Z7+Y7+X7+W7+V7+U7+T7+S7+R7+Q7+P7+O7+N7+M7+L7+K7+J7+I7+H7+G7) -> 55
B8: عدد المستفيدين شهريا من الأطفال (ذكور ) | G8: 10 | H8: 18 | I8: 10 | J8: 14 | K8: 11 | L8: 9 | M8: 25 | N8: 11 | O8: 17 | P8: 20 | Q8: 14 | R8: 18 | S8: 21 | T8: 7 | U8: 0 | V8: 16 | W8: 9 | X8: 8 | Y8: 18 | Z8: 14 | AA8: 9 | AB8: 15 | AC8: =SUM(AB8+AA8+Z8+Y8+X8+W8+V8+U8+T8+S8+R8+Q8+P8+O8+N8+M8+L8+K8+J8+I8+H8+G8) -> 294
B9: عدد المستفيدين شهريا من الأطفال (اناث) | G9: 11 | H9: 12 | I9: 11 | J9: 4 | K9: 4 | L9: 9 | M9: 3 | N9: 2 | O9: 7 | P9: 10 | Q9: 9 | R9: 12 | S9: 7 | T9: 8 | U9: 0 | V9: 8 | W9: 3 | X9: 8 | Y9: 9 | Z9: 13 | AA9: 8 | AB9: 16 | AC9: =SUM(AB9+AA9+Z9+Y9+X9+W9+V9+U9+T9+S9+R9+Q9+P9+O9+N9+M9+L9+K9+J9+I9+H9+G9) -> 174
B10: إجمالي عدد الأطفال المنتظمين بالوحدة خلال الشهر (تحت 14 عام ) | G10: =SUM(G8+G9) -> 21 | H10: =SUM(H8+H9) -> 30 | I10: =SUM(I8+I9) -> 21 | J10: =SUM(J8+J9) -> 18 | K10: =SUM(K8+K9) -> 15 | L10: =SUM(L8+L9) -> 18 | M10: =SUM(M8+M9) -> 28 | N10: =SUM(N8+N9) -> 13 | ... AB10: =SUM(AB8+AB9) -> 31 | AC10: =SUM(AB10+AA10+Z10+Y10+X10+W10+V10+U10+T10+S10+R10+Q10+P10+O10+N10+M10+L10+K10+J10+I10+H10+G10) -> 468
A11: عدد الأشخاص الذين تم رصدهم | B11: عدد الأشخاص الذين تم رصدهم بالكامل | N11: 276 | Q11: 337 | AC11: =SUM(AB11+AA11+Z11+Y11+X11+W11+V11+U11+T11+S11+R11+Q11+P11+O11+N11+M11+L11+K11+J11+I11+H11+G11) -> 613
B12: عدد الأشخاص الذين تم رصدهم خلال الشهر | N12: 6 | Q12: 93 | AC12: =SUM(AB12+AA12+Z12+Y12+X12+W12+V12+U12+T12+S12+R12+Q12+P12+O12+N12+M12+L12+K12+J12+I12+H12+G12) -> 99
A13: عدد الأشخاص/الأطفال ذوى الإعاقة (الزيارات المنزلية ) | B13: المخطط خلال العام | N13: 0 | Q13: 0 | AC13: =SUM(AB13+AA13+Z13+Y13+X13+W13+V13+U13+T13+S13+R13+Q13+P13+O13+N13+M13+L13+K13+J13+I13+H13+G13) -> 0
B14: عدد الأشخاص/الأطفال الجدد الذين تم إضافتهم خلال الشهر | G14: 60 | I14: 1 | J14: 0 | K14: 0 | L14: 0 | M14: 0 | N14: 0 | O14: 0 | P14: 0 | Q14: 11 | R14: 0 | T14: 28 | U14: 0 | W14: 0 | AC14: =SUM(AB14+AA14+Z14+Y14+X14+W14+V14+U14+T14+S14+R14+Q14+P14+O14+N14+M14+L14+K14+J14+I14+H14+G14) -> 100
B15: عدد الأطفال المنقطعين عن الخدمة خلال الشهر | G15: 0 | I15: 1 | J15: 0 | K15: 2 | L15: 0 | M15: 0 | N15: 0 | O15: 0 | P15: 0 | Q15: 0 | R15: 0 | T15: 0 | U15: 0 | W15: 5 | X15: 0 | Y15: 0 | Z15: 9 | AB15: 0 | AC15: =SUM(AB15+AA15+Z15+Y15+X15+W15+V15+U15+T15+S15+R15+Q15+P15+O15+N15+M15+L15+K15+J15+I15+H15+G15) -> 17
B16: عدد المستفيدين شهريا من الأطفال (ذكور ) | G16: 8 | H16: 11 | I16: 19 | J16: 0 | K16: 0 | L16: 12 | M16: 4 | N16: 14 | O16: 11 | P16: 8 | Q16: 17 | R16: 0 | T16: 19 | U16: 0 | V16: 42 | W16: 9 | X16: 17 | Y16: 25 | Z16: 18 | AB16: 4 | AC16: =SUM(AB16+AA16+Z16+Y16+X16+W16+V16+U16+T16+S16+R16+Q16+P16+O16+N16+M16+L16+K16+J16+I16+H16+G16) -> 238
B17: عدد المستفيدين شهريا من الأطفال (اناث) | G17: 12 | H17: 23 | I17: 14 | J17: 0 | K17: 4 | L17: 7 | M17: 6 | N17: 10 | O17: 7 | P17: 7 | Q17: 14 | R17: 0 | T17: 17 | U17: 0 | V17: 23 | W17: 13 | X17: 5 | Y17: 12 | Z17: 11 | AB17: 13 | AC17: =SUM(AB17+AA17+Z17+Y17+X17+W17+V17+U17+T17+S17+R17+Q17+P17+O17+N17+M17+L17+K17+J17+I17+H17+G17) -> 198
B18: عدد المستفيدين شهريا من البالغين (ذكور ) | G18: 11 | H18: 26 | I18: 15 | J18: 0 | K18: 25 | L18: 20 | M18: 38 | N18: 37 | O18: 16 | P18: 35 | Q18: 14 | R18: 0 | S18: 23 | T18: 17 | U18: 0 | V18: 15 | W18: 42 | X18: 4 | Y18: 24 | Z18: 17 | AB18: 8 | AC18: =SUM(AB18+AA18+Z18+Y18+X18+W18+V18+U18+T18+S18+R18+Q18+P18+O18+N18+M18+L18+K18+J18+I18+H18+G18) -> 387
B19: عدد المستفيدين شهريا من البالغين (اناث) | G19: 33 | H19: 30 | I19: 12 | J19: 0 | K19: 20 | L19: 15 | M19: 42 | N19: 26 | O19: 24 | P19: 40 | Q19: 15 | R19: 0 | S19: 19 | T19: 22 | U19: 0 | V19: 10 | W19: 26 | X19: 28 | Y19: 21 | Z19: 18 | AB19: 9 | AC19: =SUM(AB19+AA19+Z19+Y19+X19+W19+V19+U19+T19+S19+R19+Q19+P19+O19+N19+M19+L19+K19+J19+I19+H19+G19) -> 410
B20: إجمالي عدد المستفيدين من خدمة الزيارات المنزلية شهريًا | G20: =SUM(G16:G19) -> 64 | H20: =SUM(H16:H19) -> 90 | I20: =SUM(I16:I19) -> 60 | J20: =SUM(J16:J19) -> 0 | K20: =SUM(K16:K19) -> 49 | L20: =SUM(L16:L19) -> 54 | M20: =SUM(M16:M19) -> 90 | N20: =SUM(N16:N19) -> 87 | ... Y20: =SUM(Y16:Y19) -> 82 | Z20: =SUM(Z16+Z17+Z18+Z19) -> 64 | AA20: =SUM(AA16:AA19) -> 0 | AB20: =SUM(AB16+AB17+AB18+AB19) -> 34 | AC20: =SUM(AB20+AA20+Z20+Y20+X20+W20+V20+U20+T20+S20+R20+Q20+P20+O20+N20+M20+L20+K20+J20+I20+H20+G20) -> 1233
A21: جلسات تأهيل داخل الوحدة | B21: جلسات إرشاد لأسر أ.ذ.إ | C21: المستهدف الشهري | K21: 0 | U21: 0 | AC21: =SUM(AB21+AA21+Z21+Y21+X21+W21+V21+U21+T21+S21+R21+Q21+P21+O21+N21+M21+L21+K21+J21+I21+H21+G21) -> 0
C22: الفعلي شهريًا | K22: 0 | N22: 2 | U22: 0 | V22: 5 | AC22: =SUM(AB22+AA22+Z22+Y22+X22+W22+V22+U22+T22+S22+R22+Q22+P22+O22+N22+M22+L22+K22+J22+I22+H22+G22) -> 7
B23: جلسات تأهيلية للأطفال | C23: المستهدف الشهري | G23: 100 | H23: 150 | I23: 100 | J23: 100 | K23: 150 | L23: 150 | M23: 150 | N23: 150 | O23: 150 | P23: 150 | Q23: 150 | R23: 300 | S23: 150 | T23: 150 | U23: 0 | V23: 150 | W23: 150 | X23: 150 | Y23: 150 | Z23: 150 | AA23: 150 | AB23: 150 | AC23: =SUM(AB23+AA23+Z23+Y23+X23+W23+V23+U23+T23+S23+R23+Q23+P23+O23+N23+M23+L23+K23+J23+I23+H23+G23) -> 3150
C24: الفعلي شهريًا | G24: 70 | H24: 90 | I24: 73 | J24: 36 | K24: 28 | L24: 50 | M24: 92 | N24: 57 | O24: 90 | P24: 95 | Q24: 63 | R24: 53 | S24: 75 | T24: 69 | U24: 0 | V24: 148 | W24: 30 | X24: 70 | Y24: 144 | Z24: 100 | AA24: 75 | AB24: 119 | AC24: =SUM(AB24+AA24+Z24+Y24+X24+W24+V24+U24+T24+S24+R24+Q24+P24+O24+N24+M24+L24+K24+J24+I24+H24+G24) -> 1627
A25: الزيارات المنزلية (خارج الوحدة) | B25: جلسات إرشاد للأشخاص أنفسهم | C25: المستهدف الشهري | U25: 0 | AC25: =SUM(AB25+AA25+Z25+Y25+X25+W25+V25+U25+T25+S25+R25+Q25+P25+O25+N25+M25+L25+K25+J25+I25+H25+G25) -> 0
C26: الفعلي شهريًا | G26: 20 | H26: 112 | I26: 40 | P26: 135 | U26: 0 | AC26: =SUM(AB26+AA26+Z26+Y26+X26+W26+V26+U26+T26+S26+R26+Q26+P26+O26+N26+M26+L26+K26+J26+I26+H26+G26) -> 307
B27: جلسات إرشاد لأسر أ.ذ.إ | C27: المستهدف الشهري | AC27: =SUM(AB27+AA27+Z27+Y27+X27+W27+V27+U27+T27+S27+R27+Q27+P27+O27+N27+M27+L27+K27+J27+I27+H27+G27) -> 0
C28: الفعلي شهريًا | H28: 57 | P28: 15 | AC28: =SUM(AB28+AA28+Z28+Y28+X28+W28+V28+U28+T28+S28+R28+Q28+P28+O28+N28+M28+L28+K28+J28+I28+H28+G28) -> 72
B29: جلسات تأهيلية للأطفال / البالغين (تنمية قدرات/ تنمية المهارات اللغوية/ تنمية المهارات الحركية/ تنمية المهارات الأكاديمية) | C29: المستهدف الشهري | AC29: =SUM(AB29+AA29+Z29+Y29+X29+W29+V29+U29+T29+S29+R29+Q29+P29+O29+N29+M29+L29+K29+J29+I29+H29+G29) -> 0
C30: الفعلي شهريًا | G30: 20 | H30: 28 | N30: 174 | P30: 30 | AC30: =SUM(AB30+AA30+Z30+Y30+X30+W30+V30+U30+T30+S30+R30+Q30+P30+O30+N30+M30+L30+K30+J30+I30+H30+G30) -> 252
B31: زيارات تستهدف خدمات إجتماعية | C31: المستهدف الشهري | N31: 0 | U31: 0 | AC31: =SUM(AB31+AA31+Z31+Y31+X31+W31+V31+U31+T31+S31+R31+Q31+P31+O31+N31+M31+L31+K31+J31+I31+H31+G31) -> 0
C32: الفعلي شهريًا | G32: 15 | N32: 0 | U32: 0 | AC32: =SUM(AB32+AA32+Z32+Y32+X32+W32+V32+U32+T32+S32+R32+Q32+P32+O32+N32+M32+L32+K32+J32+I32+H32+G32) -> 15
B33: إجمالي عدد الزيارات المنفذة | C33: المستهدف الشهري | G33: 120 | H33: 180 | I33: 120 | J33: 0 | K33: 180 | L33: 180 | M33: 180 | N33: 180 | O33: 180 | P33: 180 | Q33: 180 | R33: 0 | S33: 180 | T33: 180 | U33: 0 | V33: 180 | W33: 180 | X33: 180 | Y33: 180 | Z33: 180 | AA33: 180 | AB33: 180 | AC33: =SUM(AB33+AA33+Z33+Y33+X33+W33+V33+U33+T33+S33+R33+Q33+P33+O33+N33+M33+L33+K33+J33+I33+H33+G33) -> 3300
C34: الفعلي شهريًا | G34: 100 | H34: 123 | I34: 85 | J34: =SUM(J26+J28+J30+J32) -> 0 | K34: 49 | L34: 54 | M34: 142 | N34: =SUM(N26+N28+N30+N32) -> 174 | O34: 58 | P34: 180 | Q34: 101 | R34: =SUM(R26+R28+R30+R32) -> 0 | S34: 99 | T34: 78 | U34: =SUM(U26+U28+U30+U32) -> 0 | V34: 180 | W34: 160 | X34: 110 | Y34: 170 | Z34: 134 | AA34: 0 | AB34: 119 | AC34: =SUM(AB34+AA34+Z34+Y34+X34+W34+V34+U34+T34+S34+R34+Q34+P34+O34+N34+M34+L34+K34+J34+I34+H34+G34) -> 2116
A35: الخدمات النفسية | B35: التقييمات التشخيصية | C35: المستهدف الشهري | AC35: =SUM(AB35+AA35+Z35+Y35+X35+W35+V35+U35+T35+S35+R35+Q35+P35+O35+N35+M35+L35+K35+J35+I35+H35+G35) -> 0
C36: الفعلي شهريًا | N36: 15 | AC36: =SUM(AB36+AA36+Z36+Y36+X36+W36+V36+U36+T36+S36+R36+Q36+P36+O36+N36+M36+L36+K36+J36+I36+H36+G36) -> 15
A37: الأنشطة المجتمعية | B37: الندوات | C37: المستهدف الشهري | AC37: =SUM(AB37+AA37+Z37+Y37+X37+W37+V37+U37+T37+S37+R37+Q37+P37+O37+N37+M37+L37+K37+J37+I37+H37+G37) -> 0
C38: الفعلي شهريًا | N38: 1 | AC38: =SUM(AB38+AA38+Z38+Y38+X38+W38+V38+U38+T38+S38+R38+Q38+P38+O38+N38+M38+L38+K38+J38+I38+H38+G38) -> 1
B39: الجولات الحرة | C39: المستهدف الشهري | AC39: =SUM(AB39+AA39+Z39+Y39+X39+W39+V39+U39+T39+S39+R39+Q39+P39+O39+N39+M39+L39+K39+J39+I39+H39+G39) -> 0
C40: الفعلي شهريًا | AC40: =SUM(AB40+AA40+Z40+Y40+X40+W40+V40+U40+T40+S40+R40+Q40+P40+O40+N40+M40+L40+K40+J40+I40+H40+G40) -> 0
B41: الأيام الترفيهية | C41: المستهدف الشهري | AC41: =SUM(AB41+AA41+Z41+Y41+X41+W41+V41+U41+T41+S41+R41+Q41+P41+O41+N41+M41+L41+K41+J41+I41+H41+G41) -> 0
C42: الفعلي شهريًا | AC42: =SUM(AB42+AA42+Z42+Y42+X42+W42+V42+U42+T42+S42+R42+Q42+P42+O42+N42+M42+L42+K42+J42+I42+H42+G42) -> 0
B43: ورش الأسر | C43: المستهدف الشهري | AC43: =SUM(AB43+AA43+Z43+Y43+X43+W43+V43+U43+T43+S43+R43+Q43+P43+O43+N43+M43+L43+K43+J43+I43+H43+G43) -> 0
C44: الفعلي شهريًا | AC44: =SUM(AB44+AA44+Z44+Y44+X44+W44+V44+U44+T44+S44+R44+Q44+P44+O44+N44+M44+L44+K44+J44+I44+H44+G44) -> 0
G45: جحدم | H45: الحواتكة | I45: بنى شقير | J45: القوصية | K45: التمساحية | L45: عرب الجهمة | M45: الدير | N45: تناغة | O45: فزارة | P45: القصير | Q45: نزلة ضاهر | R45: ديروط | S45: الحوطا الغربية | T45: دشلوط | U45: زاوية هارون | V45: تونس | W45: المنشأه | X45: العسيرات | Y45: كوم بدار | Z45: فزارة | AB45: ببا
A46: الخدمات الإجتماعية | B46: مشروع للشخص | AC46: =SUM(AB46+AA46+Z46+Y46+X46+W46+V46+U46+T46+S46+R46+Q46+P46+O46+N46+M46+L46+K46+J46+I46+H46+G46) -> 0
B47: مشروع للأسرة | AC47: =SUM(AB47+AA47+Z47+Y47+X47+W47+V47+U47+T47+S47+R47+Q47+P47+O47+N47+M47+L47+K47+J47+I47+H47+G47) -> 0
B48: علاج دوائي | N48: 1 | P48: 1 | AC48: =SUM(AB48+AA48+Z48+Y48+X48+W48+V48+U48+T48+S48+R48+Q48+P48+O48+N48+M48+L48+K48+J48+I48+H48+G48) -> 2
B49: عمليات جراحية | AC49: =SUM(AB49+AA49+Z49+Y49+X49+W49+V49+U49+T49+S49+R49+Q49+P49+O49+N49+M49+L49+K49+J49+I49+H49+G49) -> 0
B50: أطراف صناعية | AC50: =SUM(AB50+AA50+Z50+Y50+X50+W50+V50+U50+T50+S50+R50+Q50+P50+O50+N50+M50+L50+K50+J50+I50+H50+G50) -> 0
B51: سماعات طبية | AC51: =SUM(AB51+AA51+Z51+Y51+X51+W51+V51+U51+T51+S51+R51+Q51+P51+O51+N51+M51+L51+K51+J51+I51+H51+G51) -> 0
B52: كرسي متحرك | AC52: =SUM(AB52+AA52+Z52+Y52+X52+W52+V52+U52+T52+S52+R52+Q52+P52+O52+N52+M52+L52+K52+J52+I52+H52+G52) -> 0
B53: سقف منزل | AC53: =SUM(AB53+AA53+Z53+Y53+X53+W53+V53+U53+T53+S53+R53+Q53+P53+O53+N53+M53+L53+K53+J53+I53+H53+G53) -> 0
B54: وصلات مياه | AC54: =SUM(AB54+AA54+Z54+Y54+X54+W54+V54+U54+T54+S54+R54+Q54+P54+O54+N54+M54+L54+K54+J54+I54+H54+G54) -> 0
B55: تشطيب غرف | AC55: =SUM(AB55+AA55+Z55+Y55+X55+W55+V55+U55+T55+S55+R55+Q55+P55+O55+N55+M55+L55+K55+J55+I55+H55+G55) -> 0
B56: أثاثات للغرف | P56: 1 | AC56: =SUM(AB56+AA56+Z56+Y56+X56+W56+V56+U56+T56+S56+R56+Q56+P56+O56+N56+M56+L56+K56+J56+I56+H56+G56) -> 1
B57: تجهيز حمام | AC57: =SUM(AB57+AA57+Z57+Y57+X57+W57+V57+U57+T57+S57+R57+Q57+P57+O57+N57+M57+L57+K57+J57+I57+H57+G57) -> 0
B58: أجهزة كهربائية | P58: 1 | AC58: =SUM(AB58+AA58+Z58+Y58+X58+W58+V58+U58+T58+S58+R58+Q58+P58+O58+N58+M58+L58+K58+J58+I58+H58+G58) -> 1
B59: بطاطين | AC59: =SUM(AB59+AA59+Z59+Y59+X59+W59+V59+U59+T59+S59+R59+Q59+P59+O59+N59+M59+L59+K59+J59+I59+H59+G59) -> 0
B60: بطاقة الخدمات | AC60: =SUM(AB60+AA60+Z60+Y60+X60+W60+V60+U60+T60+S60+R60+Q60+P60+O60+N60+M60+L60+K60+J60+I60+H60+G60) -> 0
B61: ملابس وشنط | H61: 5 | J61: 4 | N61: 30 | P61: 123 | Q61: 37 | R61: 2 | AC61: =SUM(AB61+AA61+Z61+Y61+X61+W61+V61+U61+T61+S61+R61+Q61+P61+O61+N61+M61+L61+K61+J61+I61+H61+G61) -> 201
B62: الإحالة | AC62: =SUM(AB62+AA62+Z62+Y62+X62+W62+V62+U62+T62+S62+R62+Q62+P62+O62+N62+M62+L62+K62+J62+I62+H62+G62) -> 0
B63: معاش شهري | AC63: =SUM(AB63+AA63+Z63+Y63+X63+W63+V63+U63+T63+S63+R63+Q63+P63+O63+N63+M63+L63+K63+J63+I63+H63+G63) -> 0
B64: نظارة طبية | AC64: =SUM(AB64+AA64+Z64+Y64+X64+W64+V64+U64+T64+S64+R64+Q64+P64+O64+N64+M64+L64+K64+J64+I64+H64+G64) -> 0
B65: مساعدات مادية من بنك ناصر | AC65: =SUM(AB65+AA65+Z65+Y65+X65+W65+V65+U65+T65+S65+R65+Q65+P65+O65+N65+M65+L65+K65+J65+I65+H65+G65) -> 0
B66: أخرى | AC66: =SUM(AB66+AA66+Z66+Y66+X66+W66+V66+U66+T66+S66+R66+Q66+P66+O66+N66+M66+L66+K66+J66+I66+H66+G66) -> 0
B67: اجمالى | G67: =SUM(G7+G10+G15+G20) -> 85 | H67: =SUM(H7+H10+H15+H20) -> 120 | I67: =SUM(I7+I10+I15+I20) -> 84 | J67: =SUM(J7+J10+J15+J20) -> 18 | K67: =SUM(K7+K10+K15+K20) -> 71 | L67: =SUM(L7+L10+L15+L20) -> 73 | M67: =SUM(M7+M10+M15+M20) -> 120 | N67: =SUM(N7+N10+N15+N20) -> 117 | ... Z67: =SUM(Z7+Z10+Z15+Z20) -> 100 | AB67: =SUM(AB7+AB10+AB15+AB20) -> 65 | AC67: =SUM(AB67+AA67+Z67+Y67+X67+W67+V67+U67+T67+S67+R67+Q67+P67+O67+N67+M67+L67+K67+J67+I67+H67+G67) -> 1756
B69: تنفيذ ندوة توعية عن أهمية النظافة الشخصية لذوى الأعاقة من المنظور الدينى وتم توعية عدد ( 21 أسرة )
B70: تنفيذ 15تقييم نفسى لوحدة تناغة

Sheet تقرير مجمع مايو 2023
C1: وحدات مكتب منفلوط | V1: مكتب أسيوط | AB1: مكتب سوهاج | AF1: طهطا | AG1: مكتب بنى سويف | AJ1: الواسطى
G2: جحدم | H2: الحواتكة | I2: بنى شقير | J2: القوصية | K2: التمساحية | L2: عرب الجهمة | M2: الدير | N2: تناغة | O2: فزارة | P2: القصير | Q2: نزلة ضاهر | R2: ديروط | S2: الحوطا الغربية | T2: دشلوط | U2: زاوية هارون | V2: البورة | W2: منقباد | X2: الواسطى | Y2: كوم المنصورة | Z2: ريفا | AA2: أبوتيج | AB2: تونس | AC2: المنشأه | AD2: العسيرات | AE2: كوم بدار | AF2: فزارة | AG2: النويرة | AH2: ببا | AI2: سدس | AJ2: الرياض | AK2: إجمالى | AN2: 2367
A3: إجمالي المستفيدين | B3: إجمالي المستفيدين بالوحدة خلال العام | G3: 120 | H3: 120 | I3: 120 | J3: 120 | K3: 120 | L3: 120 | M3: 120 | N3: 120 | O3: 120 | P3: 120 | Q3: 120 | R3: 120 | S3: 120 | T3: 120 | U3: 0 | W3: 120 | AB3: 120 | AC3: 120 | AD3: 120 | AE3: 120 | AF3: 120 | AG3: 120 | AH3: 120 | AK3: =SUM(G3:AJ3) -> 2640 | AL3: 2640
B4: إجمالي المستفيدين بالوحدة شهريًا | G4: 80 | H4: 120 | I4: 81 | J4: 80 | K4: 80 | L4: 120 | M4: 120 | N4: 90 | O4: 120 | P4: 120 | Q4: 120 | R4: 120 | S4: 120 | T4: 120 | U4: 0 | W4: 120 | AB4: 120 | AC4: 120 | AD4: 120 | AE4: 120 | AF4: 120 | AG4: 120 | AH4: 120 | AK4: =SUM(G4:AJ4) -> 2451 | AL4: 2451
A5: عدد الأطفال ذوى الإعاقة (الجلسات التأهيلية داخل بالبرنامج ) | B5: المخطط خلال العام | G5: 50 | H5: 50 | I5: 50 | J5: 75 | K5: 50 | L5: 50 | M5: 50 | N5: 50 | O5: 50 | P5: 50 | Q5: 50 | R5: 75 | S5: 50 | T5: 50 | U5: 0 | W5: 50 | AB5: 50 | AC5: 50 | AD5: 50 | AE5: 50 | AF5: 50 | AG5: 50 | AH5: 50 | AK5: =SUM(G5:AJ5) -> 1150 | AL5: 1150
B6: عدد الأطفال الجدد الذين تم إضافتهم خلال الشهر | G6: 11 | H6: 0 | I6: 1 | J6: 4 | K6: 1 | L6: 3 | M6: 5 | N6: 19 | O6: 3 | Q6: 10 | R6: 28 | S6: 1 | T6: 2 | U6: 0 | W6: 25 | AB6: 1 | AC6: 1 | AG6: 0 | AH6: 0 | AK6: =SUM(G6:AJ6) -> 115 | AL6: 115
B7: عدد الأطفال المنقطعين عن الخدمة خلال الشهر | G7: 1 | H7: 0 | I7: 2 | J7: 0 | K7: 0 | L7: 0 | M7: 0 | N7: 2 | O7: 1 | P7: 0 | Q7: 4 | R7: 0 | S7: 0 | T7: 1 | U7: 0 | W7: 0 | AB7: 1 | AC7: 6 | AF7: 1 | AG7: 0 | AH7: 0 | AK7: =SUM(G7:AJ7) -> 19 | AL7: 19
B8: عدد المستفيدين شهريا من الأطفال (ذكور ) | G8: 10 | H8: 18 | I8: 10 | J8: 17 | K8: 9 | L8: 16 | M8: 27 | N8: 18 | O8: 19 | P8: 20 | Q8: 16 | R8: 36 | S8: 22 | T8: 10 | U8: 0 | V8: 17 | W8: 19 | Z8: 20 | AB8: 17 | AC8: 9 | AD8: 8 | AE8: 18 | AF8: 16 | AG8: 9 | AH8: 20 | AJ8: 15 | AK8: =SUM(G8:AJ8) -> 416 | AL8: 416
B9: عدد المستفيدين شهريا من الأطفال (اناث) | G9: 10 | H9: 12 | I9: 11 | J9: 5 | K9: 7 | L9: 14 | M9: 6 | N9: 12 | O9: 7 | P9: 10 | Q9: 13 | R9: 22 | S9: 7 | T9: 7 | U9: 0 | V9: 3 | W9: 8 | Z9: 12 | AB9: 9 | AC9: 3 | AD9: 8 | AE9: 9 | AF9: 12 | AG9: 8 | AH9: 15 | AJ9: 8 | AK9: =SUM(G9:AJ9) -> 238 | AL9: 238
B10: إجمالي عدد الأطفال المنتظمين بالوحدة خلال الشهر (تحت 14 عام ) | G10: =SUM(G8+G9) -> 20 | H10: =SUM(H8+H9) -> 30 | I10: =SUM(I8+I9) -> 21 | J10: =SUM(J8+J9) -> 22 | K10: =SUM(K8+K9) -> 16 | L10: =SUM(L8+L9) -> 30 | M10: =SUM(M8+M9) -> 33 | N10: =SUM(N8+N9) -> 30 | ... AJ10: =SUM(AJ8+AJ9) -> 23 | AK10: =SUM(G10:AJ10) -> 654 | AL10: 654
A11: عدد الأشخاص الذين تم رصدهم | B11: عدد الأشخاص الذين تم رصدهم بالكامل | N11: 276 | Q11: 337 | V11: 320 | AK11: =SUM(G11:AJ11) -> 933 | AL11: 993
B12: عدد الأشخاص الذين تم رصدهم خلال الشهر | N12: 6 | Q12: 93 | V12: 0 | AK12: =SUM(G12:AJ12) -> 99 | AL12: 99
A13: عدد الأشخاص/الأطفال ذوى الإعاقة (الزيارات المنزلية ) | B13: المخطط خلال العام | N13: 0 | Q13: 0 | AK13: =SUM(G13:AJ13) -> 0 | AL13: 0
B14: عدد الأشخاص/الأطفال الجدد الذين تم إضافتهم خلال الشهر | G14: 60 | H14: 7 | I14: 1 | J14: 0 | K14: 37 | L14: 0 | M14: 0 | N14: 0 | O14: 32 | P14: 0 | Q14: 36 | R14: 0 | T14: 28 | U14: 0 | AC14: 0 | AK14: =SUM(G14:AJ14) -> 201 | AL14: 201
B15: عدد الأطفال المنقطعين عن الخدمة خلال الشهر | G15: 0 | H15: 7 | I15: 1 | J15: 0 | K15: 0 | L15: 0 | M15: 0 | N15: 0 | O15: 0 | P15: 0 | Q15: 7 | R15: 0 | T15: 0 | U15: 0 | AC15: 5 | AD15: 0 | AE15: 0 | AH15: 0 | AJ15: 0 | AK15: =SUM(G15:AJ15) -> 20 | AL15: 20
B16: عدد المستفيدين شهريا من الأطفال (ذكور ) | G16: 8 | H16: 14 | I16: 19 | J16: 0 | K16: 1 | L16: 19 | M16: 4 | N16: 15 | O16: 17 | P16: 8 | Q16: 37 | R16: 0 | T16: 22 | U16: 0 | V16: 15 | W16: 17 | AB16: 42 | AC16: 9 | AD16: 17 | AE16: 28 | AF16: 25 | AH16: 4 | AJ16: 5 | AK16: =SUM(G16:AJ16) -> 326 | AL16: 326
B17: عدد المستفيدين شهريا من الأطفال (اناث) | G17: 12 | H17: 19 | I17: 14 | J17: 0 | K17: 0 | L17: 20 | M17: 6 | N17: 11 | O17: 9 | P17: 7 | Q17: 26 | R17: 0 | T17: 17 | U17: 0 | V17: 15 | W17: 7 | AB17: 23 | AC17: 13 | AD17: 5 | AE17: 12 | AF17: 17 | AH17: 13 | AJ17: 2 | AK17: =SUM(G17:AJ17) -> 248 | AL17: 248
B18: عدد المستفيدين شهريا من البالغين (ذكور ) | G18: 11 | H18: 27 | I18: 15 | J18: 0 | K18: 42 | L18: 28 | M18: 38 | N18: 37 | O18: 29 | P18: 35 | Q18: 12 | R18: 0 | T18: 17 | U18: 0 | V18: 10 | W18: 16 | AB18: 15 | AC18: 42 | AD18: 4 | AE18: 24 | AF18: 20 | AH18: 8 | AJ18: 3 | AK18: =SUM(G18:AJ18) -> 433 | AL18: 433
B19: عدد المستفيدين شهريا من البالغين (اناث) | G19: 33 | H19: 30 | I19: 12 | J19: 0 | K19: 47 | L19: 23 | M19: 42 | N19: 26 | O19: 35 | P19: 40 | Q19: 14 | R19: 0 | T19: 22 | U19: 0 | V19: 20 | W19: 12 | AB19: 10 | AC19: 26 | AD19: 28 | AE19: 21 | AF19: 19 | AH19: 9 | AJ19: 6 | AK19: =SUM(G19:AJ19) -> 475 | AL19: 475
B20: إجمالي عدد المستفيدين من خدمة الزيارات المنزلية شهريًا | G20: =SUM(G16:G19) -> 64 | H20: =SUM(H16:H19) -> 90 | I20: =SUM(I16:I19) -> 60 | J20: =SUM(J16:J19) -> 0 | K20: =SUM(K16:K19) -> 90 | L20: =SUM(L16:L19) -> 90 | M20: =SUM(M16:M19) -> 90 | N20: =SUM(N16:N19) -> 89 | ... AE20: =SUM(AE16:AE19) -> 85 | AF20: =SUM(AF16+AF17+AF18+AF19) -> 81 | AG20: =SUM(AG16+AG17+AG18+AG19) -> 0 | AH20: =SUM(AH16+AH17+AH18+AH19) -> 34 | AI20: =SUM(AI16+AI17+AI18+AI19) -> 0 | AJ20: =SUM(AJ16+AJ17+AJ18+AJ19) -> 16 | AK20: =SUM(G20:AJ20) -> 1482 | AL20: 1482
A21: جلسات تأهيل داخل الوحدة | B21: جلسات إرشاد لأسر أ.ذ.إ | C21: المستهدف الشهري | K21: 0 | U21: 0 | AK21: =SUM(G21:AJ21) -> 0 | AL21: 0
C22: الفعلي شهريًا | K22: 0 | N22: 2 | U22: 0 | AB22: 5 | AK22: =SUM(G22:AJ22) -> 7 | AL22: 7
B23: جلسات تأهيلية للأطفال | C23: المستهدف الشهري | G23: 100 | H23: 150 | I23: 100 | J23: 100 | K23: 150 | L23: 150 | M23: 150 | N23: 150 | O23: 150 | P23: 150 | Q23: 150 | R23: 300 | S23: 150 | T23: 150 | U23: 0 | V23: 150 | W23: 150 | X23: 150 | Y23: 150 | Z23: 150 | AA23: 150 | AB23: 150 | AC23: 150 | AD23: 150 | AE23: 150 | AF23: 150 | AG23: 150 | AH23: 150 | AI23: 150 | AJ23: 150 | AK23: =SUM(G23:AJ23) -> 4350 | AL23: 4350
C24: الفعلي شهريًا | G24: 60 | H24: 136 | I24: 73 | J24: 75 | K24: 61 | L24: 150 | M24: 173 | N24: 156 | O24: 152 | P24: 95 | Q24: 95 | R24: 259 | S24: 98 | T24: 102 | U24: 0 | V24: 19 | W24: 196 | Z24: 128 | AB24: 165 | AC24: 96 | AD24: 96 | AE24: 135 | AF24: 163 | AG24: 136 | AH24: 200 | AJ24: 69 | AK24: =SUM(G24:AJ24) -> 3088 | AL24: 3088
A25: الزيارات المنزلية (خارج الوحدة) | B25: جلسات إرشاد للأشخاص أنفسهم | C25: المستهدف الشهري | U25: 0 | AK25: =SUM(G25:AJ25) -> 0 | AL25: 0
C26: الفعلي شهريًا | G26: 20 | H26: 112 | I26: 40 | P26: 135 | R26: 20 | U26: 0 | AK26: =SUM(G26:AJ26) -> 327 | AL26: 327
B27: جلسات إرشاد لأسر أ.ذ.إ | C27: المستهدف الشهري | AK27: =SUM(G27:AJ27) -> 0 | AL27: 0
C28: الفعلي شهريًا | H28: 57 | P28: 15 | AK28: =SUM(G28:AJ28) -> 72 | AL28: 72
B29: جلسات تأهيلية للأطفال / البالغين (تنمية قدرات/ تنمية المهارات اللغوية/ تنمية المهارات الحركية/ تنمية المهارات الأكاديمية) | C29: المستهدف الشهري | AK29: =SUM(G29:AJ29) -> 0 | AL29: 0
C30: الفعلي شهريًا | G30: 20 | H30: 28 | N30: 174 | P30: 30 | AD30: 143 | AK30: =SUM(G30:AJ30) -> 395 | AL30: 395
B31: زيارات تستهدف خدمات إجتماعية | C31: المستهدف الشهري | N31: 0 | U31: 0 | AK31: =SUM(G31:AJ31) -> 0 | AL31: 0
C32: الفعلي شهريًا | G32: 15 | N32: 0 | U32: 0 | AK32: =SUM(G32:AJ32) -> 15 | AL32: 15
B33: إجمالي عدد الزيارات المنفذة | C33: المستهدف الشهري | G33: 120 | H33: 180 | I33: 120 | J33: 0 | K33: 180 | L33: 180 | M33: 180 | N33: 180 | O33: 180 | P33: 180 | Q33: 180 | R33: 0 | S33: 180 | T33: 180 | U33: 0 | V33: 180 | W33: 180 | X33: 180 | Y33: 180 | Z33: 180 | AA33: 180 | AB33: 180 | AC33: 180 | AD33: 180 | AE33: 180 | AF33: 180 | AG33: 180 | AH33: 180 | AI33: 180 | AJ33: 180 | AK33: =SUM(G33:AJ33) -> 4740 | AL33: 4740
C34: الفعلي شهريًا | G34: 63 | H34: 165 | I34: 85 | J34: =SUM(J26+J28+J30+J32) -> 0 | K34: 122 | L34: 155 | M34: 172 | N34: =SUM(N26+N28+N30+N32) -> 174 | O34: 58 | P34: 186 | Q34: 165 | R34: =SUM(R26+R28+R30+R32) -> 20 | S34: 150 | T34: 135 | U34: =SUM(U26+U28+U30+U32) -> 0 | V34: 15 | W34: 100 | AB34: 180 | AC34: 165 | AD34: 143 | AE34: 180 | AF34: 146 | AG34: 0 | AH34: 60 | AJ34: 0 | AK34: =SUM(G34:AJ34) -> 2639 | AL34: 2639
A35: الخدمات النفسية | B35: التقييمات التشخيصية | C35: المستهدف الشهري | J35: 15 | R35: 15 | AK35: =SUM(G35:AJ35) -> 30 | AL35: 30
C36: الفعلي شهريًا | J36: 6 | R36: 7 | AB36: 12 | AC36: 12 | AD36: 8 | AE36: 9 | AK36: =SUM(G36:AJ36) -> 54 | AL36: 13
A37: الأنشطة المجتمعية | B37: الندوات | C37: المستهدف الشهري | G37: 1 | AK37: =SUM(G37:AJ37) -> 1 | AL37: 1
C38: الفعلي شهريًا | G38: 1 | N38: 1 | AK38: =SUM(G38:AJ38) -> 2 | AL38: 2
B39: الجولات الحرة | C39: المستهدف الشهري | G39: 1 | H39: 1 | I39: 1 | J39: 1 | K39: 1 | L39: 1 | M39: 1 | N39: 1 | O39: 1 | P39: 1 | Q39: 1 | R39: 1 | S39: 1 | T39: 1 | AK39: =SUM(G39:AJ39) -> 14 | AL39: 14
C40: الفعلي شهريًا | G40: 1 | H40: 1 | I40: 1 | J40: 1 | K40: 0 | L40: 1 | M40: 1 | N40: 1 | O40: 1 | P40: 0 | Q40: 1 | R40: 1 | S40: 1 | T40: 1 | AK40: =SUM(G40:AJ40) -> 12 | AL40: 12
B41: الأيام الترفيهية | C41: المستهدف الشهري | AK41: =SUM(G41:AJ41) -> 0 | AL41: 0
C42: الفعلي شهريًا | AK42: =SUM(G42:AJ42) -> 0 | AL42: 0
B43: ورش الأسر | C43: المستهدف الشهري | AK43: =SUM(G43:AJ43) -> 0 | AL43: 0
C44: الفعلي شهريًا | AK44: =SUM(G44:AJ44) -> 0 | AL44: 0
G45: جحدم | H45: الحواتكة | I45: بنى شقير | J45: القوصية | K45: التمساحية | L45: عرب الجهمة | M45: الدير | N45: تناغة | O45: فزارة | P45: القصير | Q45: نزلة ضاهر | R45: ديروط | S45: الحوطا الغربية | T45: دشلوط | U45: زاوية هارون | V45: البورة | W45: منقباد | X45: الواسطى | Y45: كوم المنصورة | Z45: ريفا | AA45: أبوتيج | AB45: تونس | AC45: المنشأه | AD45: العسيرات | AE45: كوم بدار | AF45: فزارة | AG45: النويرة | AH45: ببا | AK45: =SUM(G45:AJ45) -> 0 | AL45: 0
A46: الخدمات الإجتماعية | B46: مشروع للشخص | AK46: =SUM(G46:AJ46) -> 0 | AL46: 0
B47: مشروع للأسرة | AK47: =SUM(G47:AJ47) -> 0 | AL47: 0
B48: علاج دوائي | M48: 14 | N48: 1 | P48: 1 | AK48: =SUM(G48:AJ48) -> 16 | AL48: 16
B49: عمليات جراحية | AK49: =SUM(G49:AJ49) -> 0 | AL49: 0
B50: أطراف صناعية | AK50: =SUM(G50:AJ50) -> 0 | AL50: 0
B51: سماعات طبية | AK51: =SUM(G51:AJ51) -> 0 | AL51: 0
B52: كرسي متحرك | AK52: =SUM(G52:AJ52) -> 0 | AL52: 0
B53: سقف منزل | AK53: =SUM(G53:AJ53) -> 0 | AL53: 0
B54: وصلات مياه | AK54: =SUM(G54:AJ54) -> 0 | AL54: 0
B55: تشطيب غرف | AK55: =SUM(G55:AJ55) -> 0 | AL55: 0
B56: أثاثات للغرف | P56: 1 | AK56: =SUM(G56:AJ56) -> 1 | AL56: 1
B57: تجهيز حمام | AK57: =SUM(G57:AJ57) -> 0 | AL57: 0
B58: أجهزة كهربائية | P58: 1 | AK58: =SUM(G58:AJ58) -> 1 | AL58: 1
B59: بطاطين | AK59: =SUM(G59:AJ59) -> 0 | AL59: 0
B60: بطاقة الخدمات | Q60: 4 | AK60: =SUM(G60:AJ60) -> 4 | AL60: 4
B61: ملابس وشنط | H61: 5 | N61: 2 | P61: 123 | R61: 30 | V61: 30 | W61: 12 | AK61: =SUM(G61:AJ61) -> 202 | AL61: 202
B62: الإحالة | N62: 4 | AK62: =SUM(G62:AJ62) -> 4 | AL62: 4
B63: معاش شهري | AK63: =SUM(G63:AJ63) -> 0 | AL63: 0
B64: نظارة طبية | AK64: =SUM(G64:AJ64) -> 0 | AL64: 0
B65: مساعدات مادية من بنك ناصر | AK65: =SUM(G65:AJ65) -> 0 | AL65: 0
B66: أخرى | AK66: =SUM(G66:AJ66) -> 0 | AL66: 0
B67: إجمالى عدد المستفدين خلال شهر مايو | AK67: =SUM(AK7+AK10+AK15+AK20) -> 2175 | AL67: 2175
A69: إجمالى الندوات | B69: تنفيذ ندوة توعية بوحدة جحدم عن الأكتشاف المبكر للأعاقة السمعية والتدخلات المبكرة بعدد حضور (33 شخص )
A70: التقييمات النفسية | B70: تنفيذ 13تقييم نفسى عدد 7 تقييمات بوحدة ديروط عدد 6 تقييمات بوحدة القوصية
A71: الجولات الحرة | B71: تم تنفيذ عدد ( 12 جولة حرة بمشاركة عدد أطفال ( 51 طفل ) - اماكن الجولات ( سوبر ماركت / العيادة / محل المنظفات / السوق / محلات الخضار والفاكهة )

Sheet تقرير مجمع يونيو 2023
C1: وحدات مكتب منفلوط | V1: مكتب أسيوط | AB1: مكتب سوهاج | AF1: طهطا | AG1: مكتب بنى سويف | AJ1: الواسطى
G2: جحدم | H2: الحواتكة | I2: بنى شقير | J2: القوصية | K2: التمساحية | L2: عرب الجهمة | M2: الدير | N2: تناغة | O2: فزارة | P2: القصير | Q2: نزلة ضاهر | R2: ديروط | S2: الحوطا الغربية | T2: دشلوط | U2: زاوية هارون | V2: البورة | W2: منقباد | X2: الواسطى | Y2: كوم المنصورة | Z2: ريفا | AA2: أبوتيج | AB2: تونس | AC2: المنشأه | AD2: العسيرات | AE2: كوم بدار | AF2: فزارة | AG2: النويرة | AH2: ببا | AI2: سدس | AJ2: الرياض | AK2: إجمالى
A3: إجمالي المستفيدين | B3: إجمالي المستفيدين بالوحدة خلال العام | G3: 120 | H3: 120 | I3: 120 | J3: 120 | K3: 120 | L3: 120 | M3: 120 | N3: 120 | O3: 120 | P3: 120 | Q3: 120 | R3: 120 | S3: 120 | T3: 120 | U3: 0 | W3: 120 | AB3: 120 | AC3: 120 | AD3: 120 | AE3: 120 | AF3: 120 | AG3: 120 | AH3: 120 | AI3: 120 | AJ3: 120 | AK3: =SUM(G3:AJ3) -> 2880
B4: إجمالي المستفيدين بالوحدة شهريًا | G4: 80 | H4: 120 | I4: 81 | J4: 80 | K4: 80 | L4: 120 | M4: 120 | N4: 90 | O4: 120 | P4: 120 | Q4: 120 | R4: 120 | S4: 120 | T4: 120 | U4: 0 | W4: 120 | AB4: 120 | AC4: 120 | AD4: 120 | AE4: 120 | AF4: 120 | AG4: 120 | AH4: 120 | AK4: =SUM(G4:AJ4) -> 2451 | AL4: 2451
A5: عدد الأطفال ذوى الإعاقة (الجلسات التأهيلية داخل بالبرنامج ) | B5: المخطط خلال العام | G5: 50 | H5: 50 | I5: 50 | J5: 75 | K5: 50 | L5: 50 | M5: 50 | N5: 50 | O5: 50 | P5: 50 | Q5: 50 | R5: 75 | S5: 50 | T5: 50 | U5: 0 | W5: 50 | AB5: 50 | AC5: 50 | AD5: 50 | AE5: 50 | AF5: 50 | AG5: 50 | AH5: 50 | AK5: =SUM(G5:AJ5) -> 1150 | AL5: 1150
B6: عدد الأطفال الجدد الذين تم إضافتهم خلال الشهر | G6: 2 | H6: 0 | I6: 1 | J6: 6 | K6: 3 | L6: 3 | M6: 3 | N6: 19 | O6: 3 | Q6: 3 | R6: 9 | S6: 1 | T6: 6 | U6: 0 | V6: 1 | W6: 3 | X6: 21 | Y6: 30 | Z6: 9 | AA6: 15 | AB6: 0 | AC6: 1 | AD6: 7 | AE6: 0 | AF6: 1 | AG6: 18 | AH6: 26 | AI6: 40 | AK6: =SUM(G6:AJ6) -> 231 | AL6: 231
B7: عدد الأطفال المنقطعين عن الخدمة خلال الشهر | G7: 0 | H7: 0 | I7: 2 | J7: 4 | K7: 1 | L7: 0 | M7: 1 | N7: 2 | O7: 1 | P7: 0 | Q7: 2 | R7: 0 | S7: 10 | T7: 0 | U7: 0 | V7: 1 | W7: 1 | X7: 0 | Y7: 0 | Z7: 0 | AA7: 0 | AB7: 5 | AC7: 6 | AD7: 0 | AE7: 7 | AF7: 0 | AG7: 0 | AH7: 0 | AI7: 0 | AJ7: 0 | AK7: =SUM(G7:AJ7) -> 43 | AL7: 45
B8: عدد المستفيدين شهريا من الأطفال (ذكور ) | G8: 11 | H8: 18 | I8: 10 | J8: 15 | K8: 12 | L8: 16 | M8: 29 | N8: 18 | O8: 20 | P8: 20 | Q8: 18 | R8: 41 | S8: 14 | T8: 14 | U8: 0 | V8: 17 | W8: 18 | X8: 15 | Y8: 20 | Z8: 20 | AA8: 7 | AB8: 20 | AC8: 19 | AD8: 20 | AE8: 10 | AF8: 15 | AG8: 21 | AH8: 33 | AI8: 27 | AJ8: 13 | AK8: =SUM(G8:AJ8) -> 531 | AL8: 531
B9: عدد المستفيدين شهريا من الأطفال (اناث) | G9: 11 | H9: 12 | I9: 11 | J9: 8 | K9: 6 | L9: 14 | M9: 5 | N9: 12 | O9: 10 | P9: 10 | Q9: 12 | R9: 26 | S9: 5 | T9: 9 | U9: 0 | V9: 3 | W9: 10 | X9: 6 | Y9: 10 | Z9: 21 | AA9: 8 | AB9: 10 | AC9: 11 | AD9: 10 | AE9: 10 | AF9: 14 | AG9: 14 | AH9: 28 | AI9: 13 | AJ9: 8 | AK9: =SUM(G9:AJ9) -> 327 | AL9: 327
B10: إجمالي عدد الأطفال المنتظمين بالوحدة خلال الشهر (تحت 14 عام ) | G10: =SUM(G8+G9) -> 22 | H10: =SUM(H8+H9) -> 30 | I10: =SUM(I8+I9) -> 21 | J10: =SUM(J8+J9) -> 23 | K10: =SUM(K8+K9) -> 18 | L10: =SUM(L8+L9) -> 30 | M10: =SUM(M8+M9) -> 34 | N10: =SUM(N8+N9) -> 30 | ... AJ10: =SUM(AJ8+AJ9) -> 21 | AK10: =SUM(G10:AJ10) -> 858 | AL10: 858
A11: عدد الأشخاص الذين تم رصدهم | B11: عدد الأشخاص الذين تم رصدهم بالكامل | AK11: =SUM(G11:AJ11) -> 0
B12: عدد الأشخاص الذين تم رصدهم خلال الشهر | AK12: =SUM(G12:AJ12) -> 0
A13: عدد الأشخاص/الأطفال ذوى الإعاقة (الزيارات المنزلية ) | B13: المخطط خلال العام | AK13: =SUM(G13:AJ13) -> 0
B14: عدد الأشخاص/الأطفال الجدد الذين تم إضافتهم خلال الشهر | G14: 25 | H14: 0 | I14: 0 | J14: 0 | K14: 37 | L14: 0 | M14: 0 | N14: 3 | O14: 32 | P14: 0 | Q14: 1 | R14: 0 | S14: 0 | T14: 12 | U14: 0 | V14: 2 | X14: 56 | Z14: 102 | AC14: 0 | AD14: 36 | AF14: 1 | AJ14: 0 | AK14: =SUM(G14:AJ14) -> 307 | AL14: 307
B15: عدد الأطفال المنقطعين عن الخدمة خلال الشهر | G15: 0 | H15: 0 | I15: 0 | J15: 0 | K15: 0 | L15: 0 | M15: 0 | N15: 3 | O15: 0 | P15: 0 | Q15: 0 | R15: 0 | S15: 0 | T15: 10 | U15: 0 | V15: 2 | W15: 31 | X15: 0 | Z15: 0 | AC15: 0 | AD15: 0 | AE15: 0 | AF15: 0 | AH15: 0 | AJ15: 0 | AK15: =SUM(G15:AJ15) -> 46 | AL15: 46
B16: عدد المستفيدين شهريا من الأطفال (ذكور ) | G16: 13 | H16: 14 | I16: 20 | J16: 0 | K16: 4 | L16: 19 | M16: 3 | N16: 15 | O16: 17 | P16: 8 | Q16: 37 | R16: 0 | S16: 1 | T16: 30 | U16: 0 | V16: 22 | W16: 8 | X16: 9 | Y16: 8 | Z16: 26 | AA16: 3 | AB16: 42 | AC16: 5 | AD16: 10 | AE16: 28 | AF16: 22 | AG16: 13 | AH16: 14 | AI16: 15 | AJ16: 5 | AK16: =SUM(G16:AJ16) -> 411 | AL16: 411
B17: عدد المستفيدين شهريا من الأطفال (اناث) | G17: 16 | H17: 19 | I17: 18 | J17: 0 | K17: 1 | L17: 20 | M17: 5 | N17: 11 | O17: 9 | P17: 7 | Q17: 27 | R17: 0 | S17: 2 | T17: 20 | U17: 0 | V17: 10 | W17: 1 | X17: 7 | Y17: 18 | Z17: 20 | AA17: 7 | AB17: 23 | AC17: 5 | AD17: 8 | AE17: 12 | AF17: 15 | AG17: 6 | AH17: 14 | AI17: 16 | AJ17: 2 | AK17: =SUM(G17:AJ17) -> 319 | AL17: 319
B18: عدد المستفيدين شهريا من البالغين (ذكور ) | G18: 13 | H18: 27 | I18: 34 | J18: 0 | K18: 57 | L18: 28 | M18: 33 | N18: 40 | O18: 29 | P18: 35 | Q18: 12 | R18: 0 | S18: 33 | T18: 22 | U18: 0 | V18: 13 | W18: 9 | X18: 17 | Y18: 24 | Z18: 36 | AA18: 10 | AB18: 15 | AC18: 41 | AD18: 15 | AE18: 24 | AF18: 13 | AG18: 4 | AH18: 5 | AI18: 0 | AJ18: 3 | AK18: =SUM(G18:AJ18) -> 592 | AL18: 592
B19: عدد المستفيدين شهريا من البالغين (اناث) | G19: 41 | H19: 30 | I19: 21 | J19: 0 | K19: 67 | L19: 23 | M19: 49 | N19: 23 | O19: 35 | P19: 40 | Q19: 14 | R19: 0 | S19: 24 | T19: 18 | U19: 0 | V19: 15 | W19: 3 | X19: 23 | Y19: 40 | Z19: 20 | AA19: 10 | AB19: 10 | AC19: 32 | AD19: 29 | AE19: 21 | AF19: 12 | AG19: 18 | AH19: 13 | AI19: 9 | AJ19: 6 | AK19: =SUM(G19:AJ19) -> 646 | AL19: 646
B20: إجمالي عدد المستفيدين من خدمة الزيارات المنزلية شهريًا | G20: =SUM(G16:G19) -> 83 | H20: =SUM(H16:H19) -> 90 | I20: =SUM(I16:I19) -> 93 | J20: =SUM(J16:J19) -> 0 | K20: =SUM(K16:K19) -> 129 | L20: =SUM(L16:L19) -> 90 | M20: =SUM(M16:M19) -> 90 | N20: =SUM(N16:N19) -> 89 | ... AE20: =SUM(AE16:AE19) -> 85 | AF20: =SUM(AF16+AF17+AF18+AF19) -> 62 | AG20: =SUM(AG16+AG17+AG18+AG19) -> 41 | AH20: =SUM(AH16+AH17+AH18+AH19) -> 46 | AI20: =SUM(AI16+AI17+AI18+AI19) -> 40 | AJ20: =SUM(AJ16+AJ17+AJ18+AJ19) -> 16 | AK20: =SUM(G20:AJ20) -> 1968 | AL20: 1968
A21: جلسات تأهيل داخل الوحدة | B21: جلسات إرشاد لأسر أ.ذ.إ | C21: المستهدف الشهري | K21: 0 | U21: 0 | AK21: =SUM(G21:AJ21) -> 0
C22: الفعلي شهريًا | K22: 0 | U22: 0 | AB22: 5 | AJ22: 65 | AK22: =SUM(G22:AJ22) -> 70
B23: جلسات تأهيلية للأطفال | C23: المستهدف الشهري | G23: 100 | H23: 150 | I23: 100 | J23: 100 | K23: 150 | L23: 150 | M23: 150 | N23: 150 | O23: 150 | P23: 150 | Q23: 150 | R23: 300 | S23: 150 | T23: 150 | U23: 0 | V23: 150 | W23: 150 | X23: 150 | Y23: 150 | Z23: 150 | AA23: 150 | AB23: 150 | AC23: 150 | AD23: 150 | AE23: 150 | AF23: 150 | AG23: 150 | AH23: 150 | AI23: 150 | AJ23: 150 | AK23: =SUM(G23:AJ23) -> 4350
C24: الفعلي شهريًا | G24: 64 | H24: 150 | I24: 150 | J24: 140 | K24: 73 | L24: 110 | M24: 209 | N24: 163 | O24: 180 | P24: 156 | Q24: 91 | R24: 331 | S24: 85 | T24: 132 | U24: 0 | V24: 100 | W24: 208 | X24: 88 | Y24: 150 | Z24: 156 | AA24: 75 | AB24: 210 | AC24: 138 | AD24: 153 | AE24: 120 | AF24: 153 | AG24: 188 | AH24: 332 | AI24: 73 | AJ24: 65 | AK24: =SUM(G24:AJ24) -> 4243
A25: الزيارات المنزلية (خارج الوحدة) | B25: جلسات إرشاد للأشخاص أنفسهم | C25: المستهدف الشهري | U25: 0 | AK25: =SUM(G25:AJ25) -> 0
C26: الفعلي شهريًا | U26: 0 | AK26: =SUM(G26:AJ26) -> 0
B27: جلسات إرشاد لأسر أ.ذ.إ | C27: المستهدف الشهري | AK27: =SUM(G27:AJ27) -> 0
C28: الفعلي شهريًا | AK28: =SUM(G28:AJ28) -> 0
B29: جلسات تأهيلية للأطفال / البالغين (تنمية قدرات/ تنمية المهارات اللغوية/ تنمية المهارات الحركية/ تنمية المهارات الأكاديمية) | C29: المستهدف الشهري | AK29: =SUM(G29:AJ29) -> 0
C30: الفعلي شهريًا | AK30: =SUM(G30:AJ30) -> 0
B31: زيارات تستهدف خدمات إجتماعية | C31: المستهدف الشهري | U31: 0 | AK31: =SUM(G31:AJ31) -> 0
C32: الفعلي شهريًا | U32: 0 | AK32: =SUM(G32:AJ32) -> 0
B33: إجمالي عدد الزيارات المنفذة | C33: المستهدف الشهري | G33: 180 | H33: 180 | I33: 180 | J33: 0 | K33: 180 | L33: 180 | M33: 180 | N33: 180 | O33: 180 | P33: 180 | Q33: 180 | R33: 0 | S33: 180 | T33: 180 | U33: 0 | V33: 180 | W33: 180 | X33: 180 | Y33: 180 | Z33: 180 | AA33: 180 | AB33: 180 | AC33: 180 | AD33: 180 | AE33: 180 | AF33: 180 | AG33: 180 | AH33: 180 | AI33: 180 | AJ33: 180 | AK33: =SUM(G33:AJ33) -> 4860
C34: الفعلي شهريًا | G34: 125 | H34: 180 | I34: 181 | J34: =SUM(J26+J28+J30+J32) -> 0 | K34: 188 | L34: 127 | M34: 220 | N34: 178 | O34: 180 | P34: 180 | Q34: 164 | R34: =SUM(R26+R28+R30+R32) -> 0 | S34: 120 | T34: 180 | U34: =SUM(U26+U28+U30+U32) -> 0 | V34: 120 | W34: 42 | X34: 193 | Y34: 180 | Z34: 204 | AA34: 62 | AB34: 180 | AC34: 145 | AD34: 140 | AE34: 150 | AF34: 164 | AG34: 125 | AH34: 122 | AI34: 129 | AJ34: 26 | AK34: =SUM(G34:AJ34) -> 4005
A35: الخدمات النفسية | B35: التقييمات التشخيصية | C35: المستهدف الشهري | G35: 30 | H35: 30 | I35: 30 | J35: 30 | K35: 30 | L35: 30 | M35: 30 | N35: 30 | O35: 30 | P35: 30 | Q35: 30 | R35: 30 | S35: 30 | T35: 30 | U35: 30 | V35: 30 | W35: 30 | X35: 30 | Y35: 30 | Z35: 30 | AA35: 30 | AB35: 30 | AC35: 30 | AD35: 30 | AE35: 30 | AF35: 30 | AG35: 30 | AH35: 30 | AI35: 30 | AJ35: 30 | AK35: =SUM(G35:AJ35) -> 900
C36: الفعلي شهريًا | G36: 8 | I36: 7 | K36: 13 | L36: 12 | O36: 12 | T36: 10 | V36: 5 | W36: 30 | Y36: 12 | Z36: 16 | AA36: 13 | AB36: 0 | AC36: 12 | AD36: 7 | AE36: 9 | AJ36: 0 | AK36: =SUM(G36:AJ36) -> 166
A37: الأنشطة المجتمعية | B37: الندوات | C37: المستهدف الشهري | N37: 1 | Q37: 1 | V37: 1 | W37: 1 | AD37: 1 | AK37: =SUM(G37:AJ37) -> 5
C38: الفعلي شهريًا | N38: 1 | Q38: 1 | V38: 1 | W38: 1 | AD38: 1 | AK38: =SUM(G38:AJ38) -> 5
B39: الجولات الحرة | C39: المستهدف الشهري | G39: 1 | H39: 1 | I39: 1 | J39: 1 | K39: 1 | L39: 1 | M39: 1 | N39: 1 | O39: 1 | P39: 1 | Q39: 1 | R39: 1 | S39: 1 | T39: 1 | V39: 1 | W39: 1 | X39: 1 | Y39: 1 | Z39: 1 | AA39: 1 | AK39: =SUM(G39:AJ39) -> 20
C40: الفعلي شهريًا | G40: 1 | H40: 1 | I40: 1 | J40: 0 | K40: 0 | L40: 0 | M40: 1 | N40: 1 | O40: 1 | P40: 1 | Q40: 1 | R40: 0 | S40: 1 | T40: 0 | V40: 2 | W40: 1 | X40: 2 | Y40: 2 | Z40: 1 | AA40: 1 | AK40: =SUM(G40:AJ40) -> 18
B41: الأيام الترفيهية | C41: المستهدف الشهري | AK41: =SUM(G41:AJ41) -> 0
C42: الفعلي شهريًا | AK42: =SUM(G42:AJ42) -> 0
B43: ورش الأسر | C43: المستهدف الشهري | AK43: =SUM(G43:AJ43) -> 0
C44: الفعلي شهريًا | AK44: =SUM(G44:AJ44) -> 0
G45: جحدم | H45: الحواتكة | I45: بنى شقير | J45: القوصية | K45: التمساحية | L45: عرب الجهمة | M45: الدير | N45: تناغة | O45: فزارة | P45: القصير | Q45: نزلة ضاهر | R45: ديروط | S45: الحوطا الغربية | T45: دشلوط | U45: زاوية هارون | V45: البورة | W45: منقباد | X45: الواسطى | Y45: كوم المنصورة | Z45: ريفا | AA45: أبوتيج | AB45: تونس | AC45: المنشأه | AD45: العسيرات | AE45: كوم بدار | AF45: فزارة | AG45: النويرة | AH45: ببا | AI45: سدس | AJ45: الرياض | AK45: =SUM(G45:AJ45) -> 0
A46: الخدمات الإجتماعية | B46: مشروع للشخص | AK46: =SUM(G46:AJ46) -> 0
B47: مشروع للأسرة | AK47: =SUM(G47:AJ47) -> 0
B48: علاج دوائي | L48: 1 | M48: 6 | X48: 2 | Y48: 1 | Z48: 6 | AK48: =SUM(G48:AJ48) -> 16
B49: عمليات جراحية | AK49: =SUM(G49:AJ49) -> 0
B50: أطراف صناعية | AK50: =SUM(G50:AJ50) -> 0
B51: سماعات طبية | I51: 1 | AK51: =SUM(G51:AJ51) -> 1
B52: كرسي متحرك | V52: 1 | W52: 3 | Z52: 3 | AK52: =SUM(G52:AJ52) -> 7
B53: سقف منزل | AK53: =SUM(G53:AJ53) -> 0
B54: وصلات مياه | AK54: =SUM(G54:AJ54) -> 0
B55: تشطيب غرف | AK55: =SUM(G55:AJ55) -> 0
B56: أثاثات للغرف | AK56: =SUM(G56:AJ56) -> 0
B57: تجهيز حمام | AK57: =SUM(G57:AJ57) -> 0
B58: أجهزة كهربائية | AK58: =SUM(G58:AJ58) -> 0
B59: بطاطين | Y59: 104 | AK59: =SUM(G59:AJ59) -> 104
B60: بطاقة الخدمات | AK60: =SUM(G60:AJ60) -> 0
B61: ملابس وشنط | Z61: 74 | AI61: 2 | AK61: =SUM(G61:AJ61) -> 76
B62: الإحالة | AA62: 2 | AH62: 2 | AK62: =SUM(G62:AJ62) -> 4
B63: معاش شهري | Q63: 1 | AH63: 15 | AK63: =SUM(G63:AJ63) -> 16
B64: نظارة طبية | V64: 2 | Y64: 4 | AK64: =SUM(G64:AJ64) -> 6
B65: مساعدات مادية من بنك ناصر | AK65: =SUM(G65:AJ65) -> 0
B66: أخرى | Q66: 26 | AA66: 1 | AH66: 11 | AI66: 5 | AK66: =SUM(G66:AJ66) -> 43
B67: إجمالى عدد المستفدين خلال شهر يونيو | AK67: =SUM(AK7+AK10+AK15+AK20) -> 2915

Sheet تقرير مجمع يوليو 2023
C1: وحدات مكتب منفلوط | V1: مكتب أسيوط | AB1: مكتب سوهاج | AF1: طهطا | AG1: مكتب بنى سويف | AJ1: الواسطى
G2: جحدم | H2: الحواتكة | I2: بنى شقير | J2: القوصية | K2: التمساحية | L2: عرب الجهمة | M2: الدير | N2: تناغة | O2: فزارة | P2: القصير | Q2: نزلة ضاهر | R2: ديروط | S2: الحوطا الغربية | T2: دشلوط | U2: زاوية هارون | V2: البورة | W2: منقباد | X2: الواسطى | Y2: كوم المنصورة | Z2: ريفا | AA2: أبوتيج | AB2: تونس | AC2: المنشأه | AD2: العسيرات | AE2: كوم بدار | AF2: فزارة | AG2: النويرة | AH2: ببا | AI2: سدس | AJ2: الرياض | AK2: إجمالى
A3: إجمالي المستفيدين | B3: إجمالي المستفيدين بالوحدة خلال العام | G3: 120 | H3: 120 | I3: 120 | J3: 120 | K3: 120 | L3: 120 | M3: 120 | N3: 120 | O3: 120 | P3: 120 | Q3: 120 | R3: 120 | S3: 120 | T3: 120 | U3: 0 | V3: 120 | W3: 120 | X3: 120 | Y3: 120 | Z3: 120 | AA3: 120 | AB3: 120 | AC3: 120 | AD3: 120 | AE3: 120 | AF3: 120 | AG3: 120 | AH3: 120 | AI3: 120 | AJ3: 120 | AK3: =SUM(G3:AJ3) -> 3480 | AL3: 3480
B4: إجمالي المستفيدين بالوحدة شهريًا | G4: 80 | H4: 120 | I4: 81 | J4: 80 | K4: 80 | L4: 120 | M4: 120 | N4: 90 | O4: 120 | P4: 120 | Q4: 120 | R4: 120 | S4: 120 | T4: 120 | U4: 0 | V4: 91 | W4: 49 | X4: 85 | Y4: 124 | AA4: 45 | AB4: 120 | AC4: 120 | AD4: 120 | AE4: 120 | AF4: 120 | AG4: 96 | AH4: 130 | AI4: 83 | AJ4: 39 | AK4: =SUM(G4:AJ4) -> 2833 | AL4: 2833
A5: عدد الأطفال ذوى الإعاقة (الجلسات التأهيلية داخل بالبرنامج ) | B5: المخطط خلال العام | G5: 50 | H5: 50 | I5: 50 | J5: 75 | K5: 50 | L5: 50 | M5: 50 | N5: 50 | O5: 50 | P5: 50 | Q5: 50 | R5: 75 | S5: 50 | T5: 50 | U5: 0 | V5: 50 | W5: 50 | X5: 50 | Y5: 50 | Z5: 50 | AA5: 50 | AB5: 50 | AC5: 50 | AD5: 50 | AE5: 50 | AF5: 50 | AG5: 50 | AH5: 50 | AI5: 50 | AJ5: 50 | AK5: =SUM(G5:AJ5) -> 1500 | AL5: 1500
B6: عدد الأطفال الجدد الذين تم إضافتهم خلال الشهر | G6: 2 | H6: 0 | I6: 5 | J6: 12 | K6: 2 | L6: 0 | M6: 1 | N6: 0 | O6: 4 | Q6: 6 | R6: 5 | S6: 0 | T6: 6 | U6: 0 | V6: 7 | W6: 0 | X6: 2 | Y6: 0 | Z6: 2 | AA6: 0 | AB6: 0 | AC6: 1 | AD6: 7 | AE6: 0 | AF6: 4 | AG6: 1 | AH6: 6 | AI6: 3 | AJ6: 0 | AK6: =SUM(G6:AJ6) -> 76 | AL6: 76
B7: عدد الأطفال المنقطعين عن الخدمة خلال الشهر | G7: 0 | H7: 0 | I7: 0 | J7: 5 | K7: 2 | L7: 0 | M7: 3 | N7: 0 | O7: 4 | P7: 0 | Q7: 6 | R7: 7 | S7: 0 | T7: 0 | U7: 0 | V7: 3 | W7: 0 | X7: 5 | Y7: 0 | Z7: 3 | AA7: 0 | AB7: 0 | AC7: 0 | AD7: 0 | AE7: 0 | AF7: 7 | AG7: 7 | AH7: 11 | AI7: 1 | AJ7: 0 | AK7: =SUM(G7:AJ7) -> 64 | AL7: 64
B8: عدد المستفيدين شهريا من الأطفال (ذكور ) | G8: 11 | H8: 18 | I8: 17 | J8: 27 | K8: 11 | L8: 16 | M8: 26 | N8: 18 | O8: 18 | P8: 20 | Q8: 18 | R8: 41 | S8: 14 | T8: 15 | U8: 0 | V8: 19 | W8: 18 | X8: 15 | Y8: 23 | Z8: 22 | AA8: 7 | AB8: 20 | AC8: 19 | AD8: 20 | AE8: 17 | AF8: 15 | AG8: 23 | AH8: 28 | AI8: 28 | AJ8: 12 | AK8: =SUM(G8:AJ8) -> 556 | AL8: 556
B9: عدد المستفيدين شهريا من الأطفال (اناث) | G9: 11 | H9: 12 | I9: 9 | J9: 7 | K9: 7 | L9: 14 | M9: 6 | N9: 12 | O9: 12 | P9: 10 | Q9: 12 | R9: 24 | S9: 5 | T9: 14 | U9: 0 | V9: 6 | W9: 10 | X9: 5 | Y9: 10 | Z9: 22 | AA9: 8 | AB9: 10 | AC9: 11 | AD9: 10 | AE9: 13 | AF9: 11 | AG9: 22 | AH9: 28 | AI9: 21 | AJ9: 9 | AK9: =SUM(G9:AJ9) -> 351 | AL9: 351
B10: إجمالي عدد الأطفال المنتظمين بالوحدة خلال الشهر (تحت 14 عام ) | G10: =SUM(G8+G9) -> 22 | H10: =SUM(H8+H9) -> 30 | I10: =SUM(I8+I9) -> 26 | J10: =SUM(J8+J9) -> 34 | K10: =SUM(K8+K9) -> 18 | L10: =SUM(L8+L9) -> 30 | M10: =SUM(M8+M9) -> 32 | N10: =SUM(N8+N9) -> 30 | ... AF10: =SUM(AF8+AF9) -> 26 | AG10: 54 | AH10: 49 | AI10: =SUM(AI8+AI9) -> 49 | AJ10: =SUM(AJ8+AJ9) -> 21 | AK10: =SUM(G10:AJ10) -> 909 | AL10: 909
A11: عدد الأشخاص الذين تم رصدهم | B11: عدد الأشخاص الذين تم رصدهم بالكامل | V11: 333 | W11: 336 | X11: 314 | Y11: 207 | Z11: 355 | AA11: 277 | AG11: 284 | AH11: 216 | AI11: 94 | AK11: =SUM(G11:AJ11) -> 2416 | AL11: 2416
B12: عدد الأشخاص الذين تم رصدهم خلال الشهر | V12: 5 | W12: 0 | X12: 4 | Y12: 0 | Z12: 2 | AA12: 0 | AG12: 0 | AH12: 0 | AI12: 0 | AK12: =SUM(G12:AJ12) -> 11 | AL12: 11
A13: عدد الأشخاص/الأطفال ذوى الإعاقة (الزيارات المنزلية ) | B13: المخطط خلال العام | AK13: =SUM(G13:AJ13) -> 0 | AL13: 0
B14: عدد الأشخاص/الأطفال الجدد الذين تم إضافتهم خلال الشهر | G14: 25 | H14: 0 | I14: 0 | J14: 0 | K14: 37 | L14: 0 | M14: 0 | N14: 2 | O14: 32 | P14: 0 | Q14: 2 | R14: 0 | S14: 0 | T14: 12 | U14: 0 | V14: 1 | W14: 0 | X14: 0 | Y14: 0 | Z14: 2 | AA14: 0 | AC14: 0 | AD14: 36 | AF14: 0 | AG14: 0 | AH14: 1 | AI14: 2 | AJ14: 0 | AK14: =SUM(G14:AJ14) -> 152 | AL14: 152
B15: عدد الأطفال المنقطعين عن الخدمة خلال الشهر | G15: 0 | H15: 0 | I15: 0 | J15: 0 | K15: 0 | L15: 0 | M15: 0 | N15: 1 | O15: 0 | P15: 0 | Q15: 2 | R15: 0 | S15: 30 | T15: 11 | U15: 0 | V15: 2 | W15: 0 | X15: 2 | Y15: 0 | Z15: 2 | AA15: 0 | AC15: 0 | AD15: 0 | AE15: 0 | AF15: 0 | AG15: 0 | AH15: 4 | AI15: 1 | AJ15: 0 | AK15: =SUM(G15:AJ15) -> 55 | AL15: 55
B16: عدد المستفيدين شهريا من الأطفال (ذكور ) | G16: 13 | H16: 14 | I16: 20 | J16: 0 | K16: 6 | L16: 19 | M16: 3 | N16: 15 | O16: 17 | P16: 8 | Q16: 38 | R16: 0 | S16: 1 | T16: 29 | U16: 0 | V16: 21 | W16: 8 | X16: 14 | Y16: 8 | Z16: 24 | AA16: 3 | AB16: 42 | AC16: 5 | AD16: 18 | AE16: 33 | AF16: 22 | AG16: 13 | AH16: 12 | AI16: 12 | AJ16: 3 | AK16: =SUM(G16:AJ16) -> 421 | AL16: 421
B17: عدد المستفيدين شهريا من الأطفال (اناث) | G17: 16 | H17: 19 | I17: 18 | J17: 0 | K17: 1 | L17: 20 | M17: 5 | N17: 12 | O17: 9 | P17: 7 | Q17: 28 | R17: 0 | S17: 2 | T17: 17 | U17: 0 | V17: 11 | W17: 1 | X17: 9 | Y17: 18 | Z17: 20 | AA17: 7 | AB17: 23 | AC17: 5 | AD17: 16 | AE17: 12 | AF17: 15 | AG17: 6 | AH17: 13 | AI17: 13 | AJ17: 2 | AK17: =SUM(G17:AJ17) -> 325 | AL17: 325
B18: عدد المستفيدين شهريا من البالغين (ذكور ) | G18: 13 | H18: 27 | I18: 34 | J18: 0 | K18: 56 | L18: 28 | M18: 33 | N18: 41 | O18: 29 | P18: 35 | Q18: 11 | R18: 0 | S18: 33 | T18: 25 | U18: 0 | V18: 18 | W18: 9 | X18: 17 | Y18: 24 | Z18: 36 | AA18: 10 | AB18: 15 | AC18: 44 | AD18: 15 | AE18: 22 | AF18: 13 | AG18: 4 | AH18: 5 | AI18: 5 | AJ18: 2 | AK18: =SUM(G18:AJ18) -> 604 | AL18: 604
B19: عدد المستفيدين شهريا من البالغين (اناث) | G19: 41 | H19: 30 | I19: 21 | J19: 0 | K19: 70 | L19: 23 | M19: 49 | N19: 22 | O19: 35 | P19: 40 | Q19: 13 | R19: 0 | S19: 24 | T19: 19 | U19: 0 | V19: 16 | W19: 3 | X19: 25 | Y19: 41 | Z19: 20 | AA19: 10 | AB19: 10 | AC19: 36 | AD19: 41 | AE19: 23 | AF19: 12 | AG19: 18 | AH19: 23 | AI19: 13 | AJ19: 4 | AK19: =SUM(G19:AJ19) -> 682 | AL19: 682
B20: إجمالي عدد المستفيدين من خدمة الزيارات المنزلية شهريًا | G20: =SUM(G16:G19) -> 83 | H20: =SUM(H16:H19) -> 90 | I20: =SUM(I16:I19) -> 93 | J20: =SUM(J16:J19) -> 0 | K20: =SUM(K16:K19) -> 133 | L20: =SUM(L16:L19) -> 90 | M20: =SUM(M16:M19) -> 90 | N20: =SUM(N16:N19) -> 90 | ... X20: =SUM(X16:X19) -> 65 | Y20: 91 | Z20: =SUM(Z16:Z19) -> 100 | AA20: =SUM(AA16:AA19) -> 30 | AB20: =SUM(AB16:AB19) -> 90 | AC20: =SUM(AC16:AC19) -> 90 | AD20: =SUM(AD16:AD19) -> 90 | AE20: =SUM(AE16:AE19) -> 90 | AF20: =SUM(AF16+AF17+AF18+AF19) -> 62 | AG20: =SUM(AG16+AG17+AG18+AG19) -> 41 | AH20: 53 | AI20: 43 | AJ20: =SUM(AJ16+AJ17+AJ18+AJ19) -> 11 | AK20: =SUM(G20:AJ20) -> 2032 | AL20: 2032
A21: جلسات تأهيل داخل الوحدة | B21: جلسات إرشاد لأسر أ.ذ.إ | C21: المستهدف الشهري | K21: 0 | U21: 0 | AK21: =SUM(G21:AJ21) -> 0 | AL21: 0
C22: الفعلي شهريًا | K22: 0 | U22: 0 | AK22: =SUM(G22:AJ22) -> 0 | AL22: 0
B23: جلسات تأهيلية للأطفال | C23: المستهدف الشهري | G23: 100 | H23: 150 | I23: 100 | J23: 100 | K23: 150 | L23: 150 | M23: 150 | N23: 150 | O23: 150 | P23: 150 | Q23: 150 | R23: 300 | S23: 150 | T23: 150 | U23: 0 | V23: 150 | W23: 150 | X23: 150 | Y23: 150 | Z23: 150 | AA23: 150 | AB23: 150 | AC23: 150 | AD23: 150 | AE23: 150 | AF23: 150 | AG23: 150 | AH23: 150 | AI23: 150 | AJ23: 150 | AK23: =SUM(G23:AJ23) -> 4350 | AL23: 4350
C24: الفعلي شهريًا | G24: 10 | H24: 150 | I24: 132 | J24: 125 | K24: 48 | L24: 159 | M24: 186 | N24: 155 | O24: 150 | P24: 133 | Q24: 71 | R24: 225 | S24: 95 | T24: 95 | U24: 60 | V24: 110 | W24: 221 | X24: 63 | Y24: 145 | Z24: 150 | AA24: 68 | AB24: 180 | AC24: 115 | AD24: 157 | AE24: 147 | AF24: 153 | AG24: 186 | AH24: 195 | AI24: 142 | AJ24: 65 | AK24: =SUM(G24:AJ24) -> 3891 | AL24: 3831
A25: الزيارات المنزلية (خارج الوحدة) | B25: جلسات إرشاد للأشخاص أنفسهم | C25: المستهدف الشهري | U25: 0 | AK25: =SUM(G25:AJ25) -> 0 | AL25: 0
C26: الفعلي شهريًا | U26: 0 | V26: 27 | W26: 6 | X26: 52 | Y26: 90 | Z26: 42 | AA26: 20 | AG26: 0 | AJ26: 0 | AK26: =SUM(G26:AJ26) -> 237 | AL26: 237
B27: جلسات إرشاد لأسر أ.ذ.إ | C27: المستهدف الشهري | AK27: =SUM(G27:AJ27) -> 0 | AL27: 0
C28: الفعلي شهريًا | V28: 50 | W28: 16 | X28: 50 | Y28: 48 | Z28: 48 | AA28: 14 | AG28: 0 | AJ28: 0 | AK28: =SUM(G28:AJ28) -> 226 | AL28: 226
B29: جلسات تأهيلية للأطفال / البالغين (تنمية قدرات/ تنمية المهارات اللغوية/ تنمية المهارات الحركية/ تنمية المهارات الأكاديمية) | C29: المستهدف الشهري | AG29: 90 | AK29: =SUM(G29:AJ29) -> 90 | AL29: 90
C30: الفعلي شهريًا | V30: 50 | W30: 12 | X30: 2 | Y30: 42 | Z30: 82 | AA30: 14 | AG30: 120 | AJ30: 26 | AK30: =SUM(G30:AJ30) -> 348 | AL30: 348
B31: زيارات تستهدف خدمات إجتماعية | C31: المستهدف الشهري | U31: 0 | AG31: 90 | AK31: =SUM(G31:AJ31) -> 90 | AL31: 90
C32: الفعلي شهريًا | U32: 0 | V32: 8 | W32: 8 | X32: 0 | Y32: 0 | Z32: 32 | AA32: 12 | AG32: 90 | AJ32: 1 | AK32: =SUM(G32:AJ32) -> 151 | AL32: 151
B33: إجمالي عدد الزيارات المنفذة | C33: المستهدف الشهري | G33: 180 | H33: 180 | I33: 180 | J33: 0 | K33: 180 | L33: 180 | M33: 180 | N33: 180 | O33: 180 | P33: 180 | Q33: 180 | R33: 0 | S33: 180 | T33: 180 | U33: 0 | V33: 180 | W33: 180 | X33: 180 | Y33: 180 | Z33: 180 | AA33: 180 | AB33: 180 | AC33: 180 | AD33: 180 | AE33: 180 | AF33: 180 | AG33: 180 | AH33: 180 | AI33: 180 | AJ33: 180 | AK33: =SUM(G33:AJ33) -> 4860 | AL33: 4860
C34: الفعلي شهريًا | G34: 150 | H34: 180 | I34: 163 | J34: =SUM(J26+J28+J30+J32) -> 0 | K34: 188 | L34: 155 | M34: 180 | N34: 180 | O34: 140 | P34: 155 | Q34: 180 | R34: =SUM(R26+R28+R30+R32) -> 0 | S34: 120 | T34: 170 | U34: 57 | V34: 135 | W34: 42 | X34: 104 | Y34: 180 | Z34: 204 | AA34: 60 | AB34: 180 | AC34: 170 | AD34: 180 | AE34: 180 | AF34: 164 | AG34: 210 | AH34: 165 | AI34: 166 | AJ34: 27 | AK34: =SUM(G34:AJ34) -> 4185 | AL34: 4128
A35: الخدمات النفسية | B35: التقييمات التشخيصية | C35: المستهدف الشهري | G35: 30 | H35: 30 | I35: 30 | J35: 30 | K35: 30 | L35: 30 | M35: 30 | N35: 30 | O35: 30 | P35: 30 | Q35: 30 | R35: 30 | S35: 30 | T35: 30 | U35: 30 | V35: 30 | W35: 30 | X35: 30 | Y35: 30 | Z35: 30 | AA35: 30 | AB35: 30 | AC35: 30 | AD35: 30 | AE35: 30 | AF35: 30 | AG35: 30 | AI35: 30 | AJ35: 30 | AK35: =SUM(G35:AJ35) -> 870 | AL35: 870
C36: الفعلي شهريًا | G36: 8 | H36: 15 | I36: 7 | J36: 6 | K36: 13 | L36: 12 | M36: 8 | N36: 15 | O36: 12 | P36: 0 | Q36: 11 | R36: 7 | S36: 0 | T36: 10 | U36: 0 | V36: 14 | W36: 0 | X36: 0 | Y36: 0 | Z36: 0 | AA36: 13 | AB36: 13 | AC36: 0 | AD36: 11 | AE36: 5 | AF36: 11 | AG36: 0 | AH36: 0 | AI36: 0 | AJ36: 0 | AK36: =SUM(G36:AJ36) -> 191 | AL36: 158
A37: الأنشطة المجتمعية | B37: الندوات | C37: المستهدف الشهري | I37: 0 | M37: 1 | N37: 1 | Q37: 0 | V37: 1 | W37: 1 | X37: 1 | Y37: 1 | Z37: 1 | AA37: 1 | AC37: 0 | AD37: 1 | AE37: 1 | AG37: 1 | AH37: 1 | AI37: 1 | AJ37: 1 | AK37: =SUM(G37:AJ37) -> 14 | AL37: 14
C38: الفعلي شهريًا | M38: 1 | N38: 1 | Q38: 0 | V38: 0 | W38: 1 | X38: 0 | Y38: 0 | Z38: 1 | AA38: 1 | AC38: 0 | AD38: 1 | AE38: 1 | AG38: 0 | AH38: 0 | AI38: 0 | AJ38: 0 | AK38: =SUM(G38:AJ38) -> 7 | AL38: 7
B39: الجولات الحرة | C39: المستهدف الشهري | G39: 1 | H39: 1 | I39: 1 | J39: 1 | K39: 1 | L39: 1 | M39: 1 | N39: 1 | O39: 1 | P39: 1 | Q39: 1 | R39: 1 | S39: 1 | T39: 1 | V39: 1 | W39: 1 | X39: 1 | Y39: 1 | Z39: 1 | AA39: 1 | AB39: 1 | AD39: 1 | AE39: 1 | AG39: 1 | AH39: 1 | AI39: 1 | AJ39: 1 | AK39: =SUM(G39:AJ39) -> 27 | AL39: 27
C40: الفعلي شهريًا | G40: 1 | H40: 1 | I40: 2 | J40: 1 | K40: 1 | L40: 0 | M40: 1 | N40: 1 | O40: 0 | P40: 1 | Q40: 1 | R40: 0 | S40: 0 | T40: 0 | V40: 1 | W40: 1 | X40: 0 | Y40: 1 | Z40: 1 | AA40: 2 | AB40: 2 | AD40: 2 | AE40: 2 | AG40: 0 | AH40: 0 | AI40: 3 | AJ40: 5 | AK40: =SUM(G40:AJ40) -> 30 | AL40: 30
B41: الأيام الترفيهية | C41: المستهدف الشهري | M41: 1 | P41: 1 | V41: 1 | W41: 1 | X41: 1 | Y41: 1 | Z41: 1 | AA41: 1 | AG41: 1 | AH41: 1 | AI41: 1 | AJ41: 1 | AK41: =SUM(G41:AJ41) -> 12 | AL41: 12
C42: الفعلي شهريًا | M42: 1 | P42: 1 | V42: 0 | W42: 0 | X42: 0 | Y42: 1 | Z42: 1 | AA42: 1 | AG42: 0 | AH42: 0 | AI42: 0 | AJ42: 0 | AK42: =SUM(G42:AJ42) -> 5 | AL42: 5
B43: ورش الأسر | C43: المستهدف الشهري | V43: 1 | W43: 1 | X43: 1 | Y43: 1 | Z43: 1 | AA43: 1 | AG43: 1 | AH43: 1 | AI43: 1 | AJ43: 1 | AK43: =SUM(G43:AJ43) -> 10 | AL43: 10
C44: الفعلي شهريًا | V44: 0 | W44: 0 | X44: 0 | Y44: 0 | Z44: 0 | AA44: 0 | AG44: 0 | AH44: 0 | AI44: 0 | AJ44: 0 | AK44: =SUM(G44:AJ44) -> 0 | AL44: 0
G45: جحدم | H45: الحواتكة | I45: بنى شقير | J45: القوصية | K45: التمساحية | L45: عرب الجهمة | M45: الدير | N45: تناغة | O45: فزارة | P45: القصير | Q45: نزلة ضاهر | R45: ديروط | S45: الحوطا الغربية | T45: دشلوط | U45: زاوية هارون | V45: البورة | W45: منقباد | X45: الواسطى | Y45: كوم المنصورة | Z45: ريفا | AA45: أبوتيج | AB45: تونس | AC45: المنشأه | AD45: العسيرات | AE45: كوم بدار | AF45: فزارة | AG45: النويرة | AH45: ببا | AI45: سدس | AJ45: الرياض | AK45: =SUM(G45:AJ45) -> 0 | AL45: 0
A46: الخدمات الإجتماعية | B46: مشروع للشخص | V46: 0 | W46: 0 | X46: 0 | Y46: 0 | Z46: 0 | AA46: 0 | AG46: 0 | AH46: 0 | AI46: 0 | AJ46: 0 | AK46: =SUM(G46:AJ46) -> 0 | AL46: 0
B47: مشروع للأسرة | V47: 0 | W47: 0 | X47: 0 | Y47: 0 | Z47: 1 | AA47: 0 | AG47: 0 | AH47: 0 | AI47: 0 | AJ47: 0 | AK47: =SUM(G47:AJ47) -> 1 | AL47: 1
B48: علاج دوائي | K48: 6 | V48: 0 | W48: 1 | X48: 1 | Y48: 0 | Z48: 0 | AA48: 0 | AG48: 1 | AH48: 0 | AI48: 0 | AJ48: 0 | AK48: =SUM(G48:AJ48) -> 9 | AL48: 9
B49: عمليات جراحية | V49: 0 | W49: 0 | X49: 0 | Y49: 0 | Z49: 0 | AA49: 0 | AG49: 0 | AH49: 0 | AI49: 0 | AJ49: 0 | AK49: =SUM(G49:AJ49) -> 0 | AL49: 0
B50: أطراف صناعية | V50: 0 | W50: 1 | X50: 0 | Y50: 0 | Z50: 0 | AA50: 0 | AG50: 0 | AH50: 0 | AI50: 0 | AJ50: 0 | AK50: =SUM(G50:AJ50) -> 1 | AL50: 1
B51: سماعات طبية | I51: 1 | V51: 0 | W51: 0 | X51: 0 | Y51: 0 | Z51: 0 | AA51: 0 | AG51: 0 | AH51: 0 | AI51: 0 | AJ51: 0 | AK51: =SUM(G51:AJ51) -> 1 | AL51: 1
B52: كرسي متحرك | V52: 0 | W52: 0 | X52: 0 | Y52: 0 | Z52: 1 | AA52: 0 | AG52: 0 | AH52: 0 | AI52: 0 | AJ52: 0 | AK52: =SUM(G52:AJ52) -> 1 | AL52: 1
B53: سقف منزل | V53: 0 | W53: 0 | X53: 1 | Y53: 0 | Z53: 0 | AA53: 0 | AG53: 0 | AH53: 0 | AI53: 0 | AJ53: 0 | AK53: =SUM(G53:AJ53) -> 1 | AL53: 1
B54: وصلات مياه | V54: 0 | W54: 0 | X54: 0 | Y54: 0 | Z54: 0 | AA54: 0 | AG54: 0 | AH54: 0 | AI54: 0 | AJ54: 0 | AK54: =SUM(G54:AJ54) -> 0 | AL54: 0
B55: تشطيب غرف | V55: 0 | W55: 0 | X55: 0 | Y55: 0 | Z55: 0 | AA55: 0 | AG55: 0 | AH55: 0 | AI55: 0 | AJ55: 0 | AK55: =SUM(G55:AJ55) -> 0 | AL55: 0
B56: أثاثات للغرف | V56: 0 | W56: 0 | X56: 0 | Y56: 0 | Z56: 0 | AA56: 0 | AG56: 0 | AH56: 0 | AI56: 0 | AJ56: 0 | AK56: =SUM(G56:AJ56) -> 0 | AL56: 0
B57: تجهيز حمام | V57: 0 | W57: 0 | X57: 0 | Y57: 0 | Z57: 0 | AA57: 0 | AG57: 0 | AH57: 0 | AI57: 0 | AJ57: 0 | AK57: =SUM(G57:AJ57) -> 0 | AL57: 0
B58: أجهزة كهربائية | V58: 0 | W58: 0 | X58: 0 | Y58: 0 | Z58: 0 | AA58: 0 | AG58: 0 | AH58: 0 | AI58: 0 | AJ58: 0 | AK58: =SUM(G58:AJ58) -> 0 | AL58: 0
B59: بطاطين | V59: 0 | W59: 0 | X59: 0 | Y59: 0 | Z59: 0 | AA59: 0 | AG59: 0 | AH59: 0 | AI59: 0 | AJ59: 0 | AK59: =SUM(G59:AJ59) -> 0 | AL59: 0
B60: بطاقة الخدمات | T60: 4 | V60: 0 | W60: 0 | X60: 0 | Y60: 0 | Z60: 0 | AA60: 2 | AG60: 0 | AH60: 0 | AI60: 0 | AJ60: 0 | AK60: =SUM(G60:AJ60) -> 6 | AL60: 6
B61: ملابس وشنط | V61: 0 | W61: 5 | X61: 37 | Y61: 0 | Z61: 30 | AA61: 0 | AG61: 0 | AH61: 0 | AI61: 0 | AJ61: 0 | AK61: =SUM(G61:AJ61) -> 72 | AL61: 72
B62: الإحالة | V62: 0 | W62: 0 | X62: 0 | Y62: 0 | Z62: 0 | AA62: 2 | AG62: 0 | AH62: 0 | AI62: 0 | AJ62: 0 | AK62: =SUM(G62:AJ62) -> 2 | AL62: 2
B63: معاش شهري | Q63: 1 | V63: 0 | W63: 0 | X63: 0 | Y63: 0 | Z63: 0 | AA63: 0 | AG63: 0 | AH63: 0 | AI63: 0 | AJ63: 0 | AK63: =SUM(G63:AJ63) -> 1 | AL63: 1
B64: نظارة طبية | V64: 0 | W64: 0 | X64: 0 | Y64: 0 | Z64: 0 | AA64: 0 | AG64: 0 | AH64: 0 | AI64: 0 | AJ64: 0 | AK64: =SUM(G64:AJ64) -> 0 | AL64: 0
B65: مساعدات مادية من بنك ناصر | V65: 0 | W65: 0 | X65: 0 | Y65: 0 | Z65: 0 | AA65: 0 | AG65: 0 | AH65: 0 | AI65: 0 | AJ65: 0 | AK65: =SUM(G65:AJ65) -> 0 | AL65: 0
B66: أخرى | Q66: 26 | V66: 10 | W66: 9لحوم +شنط مواد غذائية | X66: 5 | Y66: 44 | Z66: 0 | AA66: 5كيلو لحمة +2مبلغ مالي | AG66: 90 | AH66: 50 | AI66: 30 | AJ66: 0 | AK66: =SUM(G66:AJ66) -> 255 | AL66: 255
B67: إجمالى عدد المستفدين خلال شهر يونيو | AK67: =SUM(AK7+AK10+AK15+AK20) -> 3060

Sheet تقرير اكتوبر 2023
C1: وحدات مكتب منفلوط | V1: مكتب أسيوط | AB1: مكتب سوهاج | AF1: طهطا | AG1: مكتب بنى سويف | AJ1: الواسطى
G2: جحدم | H2: الحواتكة | I2: بنى شقير | J2: القوصية | K2: التمساحية | L2: عرب الجهمة | M2: الدير | N2: تناغة | O2: فزارة | P2: القصير | Q2: نزلة ضاهر | R2: ديروط | S2: الحوطا الغربية | T2: دشلوط | U2: زاوية هارون | V2: البورة | W2: منقباد | X2: الواسطى | Y2: كوم المنصورة | Z2: ريفا | AA2: أبوتيج | AB2: تونس | AC2: المنشأه | AD2: العسيرات | AE2: كوم بدار | AF2: فزارة | AG2: النويرة | AH2: ببا | AI2: سدس | AJ2: الرياض | AK2: إجمالى
A3: إجمالي المستفيدين | B3: إجمالي المستفيدين بالوحدة خلال العام | G3: 120 | H3: 120 | I3: 120 | J3: 120 | K3: 120 | L3: 120 | M3: 120 | N3: 120 | O3: 120 | P3: 120 | Q3: 120 | R3: 120 | S3: 120 | T3: 120 | U3: 0 | V3: 120 | W3: 120 | X3: 120 | Y3: 120 | Z3: 120 | AA3: 120 | AB3: 120 | AC3: 120 | AD3: 120 | AE3: 120 | AF3: 120 | AG3: 120 | AH3: 120 | AI3: 120 | AJ3: 120 | AK3: =SUM(G3:AJ3) -> 3480 | AM3: 3480
B4: إجمالي المستفيدين بالوحدة شهريًا | G4: 80 | H4: 120 | I4: 123 | J4: 80 | K4: 80 | L4: 120 | M4: 120 | N4: 90 | O4: 120 | P4: 120 | Q4: 120 | R4: 120 | S4: 120 | T4: 120 | U4: 0 | V4: 126 | W4: 50 | X4: 99 | Y4: 120 | Z4: 131 | AA4: 181 | AB4: 120 | AC4: 120 | AD4: 120 | AE4: 120 | AF4: 120 | AG4: 80 | AH4: 96 | AI4: 80 | AJ4: 28 | AK4: =SUM(G4:AJ4) -> 3124 | AM4: 3124
A5: عدد الأطفال ذوى الإعاقة (الجلسات التأهيلية داخل بالبرنامج ) | B5: المخطط خلال العام | G5: 50 | H5: 50 | I5: 50 | J5: 75 | K5: 50 | L5: 50 | M5: 50 | N5: 50 | O5: 50 | P5: 50 | Q5: 50 | R5: 75 | S5: 50 | T5: 50 | U5: 0 | V5: 50 | W5: 50 | X5: 50 | Y5: 50 | Z5: 50 | AA5: 50 | AB5: 50 | AC5: 50 | AD5: 50 | AE5: 50 | AF5: 50 | AG5: 50 | AH5: 50 | AI5: 50 | AJ5: 50 | AK5: =SUM(G5:AJ5) -> 1500 | AM5: 1500
B6: عدد الأطفال الجدد الذين تم إضافتهم خلال الشهر | H6: 1 | I6: 5 | J6: 9 | K6: 1 | L6: 0 | M6: 1 | N6: 0 | O6: 2 | P6: 0 | Q6: 7 | R6: 9 | S6: 0 | T6: 6 | U6: 0 | V6: 2 | W6: 0 | X6: 0 | Y6: 1 | Z6: 3 | AA6: 5 | AB6: 0 | AC6: 1 | AD6: 0 | AE6: 0 | AF6: 6 | AG6: 0 | AH6: 4 | AI6: 4 | AJ6: 0 | AK6: =SUM(G6:AJ6) -> 67 | AM6: 67
B7: عدد الأطفال المنقطعين عن الخدمة خلال الشهر | H7: 1 | I7: 0 | J7: 4 | K7: 0 | L7: 0 | M7: 2 | N7: 0 | O7: 2 | P7: 0 | Q7: 7 | R7: 9 | S7: 0 | T7: 0 | U7: 0 | V7: 2 | W7: 0 | X7: 0 | Y7: 3 | Z7: 7 | AA7: 5 | AB7: 0 | AC7: 0 | AD7: 0 | AE7: 0 | AF7: 9 | AG7: 1 | AH7: 2 | AI7: 7 | AJ7: 3 | AK7: =SUM(G7:AJ7) -> 64 | AM7: 64
B8: عدد المستفيدين شهريا من الأطفال (ذكور ) | H8: 19 | I8: 19 | J8: 27 | K8: 15 | L8: 16 | M8: 26 | N8: 18 | O8: 18 | P8: 20 | Q8: 18 | R8: 36 | S8: 14 | T8: 16 | U8: 13 | V8: 25 | W8: 17 | X8: 14 | Y8: 14 | Z8: 21 | AA8: 20 | AB8: 19 | AC8: 20 | AD8: 20 | AE8: 19 | AF8: 12 | AG8: 27 | AH8: 26 | AI8: 29 | AJ8: 8 | AK8: =SUM(G8:AJ8) -> 566 | AM8: 566
B9: عدد المستفيدين شهريا من الأطفال (اناث) | H9: 11 | I9: 12 | J9: 10 | K9: 5 | L9: 14 | M9: 6 | N9: 12 | O9: 12 | P9: 10 | Q9: 12 | R9: 28 | S9: 5 | T9: 17 | U9: 5 | V9: 11 | W9: 10 | X9: 6 | Y9: 15 | Z9: 20 | AA9: 10 | AB9: 9 | AC9: 13 | AD9: 10 | AE9: 11 | AF9: 5 | AG9: 14 | AH9: 24 | AI9: 8 | AJ9: 5 | AK9: =SUM(G9:AJ9) -> 330 | AM9: 330
B10: إجمالي عدد الأطفال المنتظمين بالوحدة خلال الشهر (تحت 14 عام ) | G10: =SUM(G8+G9) -> 0 | H10: 30 | I10: 31 | J10: =SUM(J8+J9) -> 37 | K10: =SUM(K8+K9) -> 20 | L10: =SUM(L8+L9) -> 30 | M10: =SUM(M8+M9) -> 32 | N10: =SUM(N8+N9) -> 30 | O10: =SUM(O8+O9) -> 30 | P10: =SUM(P8+P9) -> 30 | Q10: =SUM(Q8+Q9) -> 30 | ... U10: =SUM(U8+U9) -> 18 | V10: 36 | W10: 27 | X10: 20 | Y10: 29 | Z10: 41 | AA10: 30 | AB10: =SUM(AB8+AB9) -> 28 | AC10: =SUM(AC8+AC9) -> 33 | AD10: =SUM(AD8+AD9) -> 30 | AE10: =SUM(AE8+AE9) -> 30 | AF10: =SUM(AF8+AF9) -> 17 | AG10: 41 | AH10: =AH8+AH9 -> 50 | AI10: 37 | AJ10: 13 | AK10: =SUM(G10:AJ10) -> 896 | AM10: 896
A11: عدد الأشخاص الذين تم رصدهم | B11: عدد الأشخاص الذين تم رصدهم بالكامل | V11: 422 | AA11: 409 | AH11: 216 | AI11: 94 | AJ11: 314 | AK11: =SUM(G11:AJ11) -> 1455 | AM11: 1455
B12: عدد الأشخاص الذين تم رصدهم خلال الشهر | V12: 15 | AA12: 3 | AJ12: 0 | AK12: =SUM(G12:AJ12) -> 18 | AM12: 18
A13: عدد الأشخاص/الأطفال ذوى الإعاقة (الزيارات المنزلية ) | B13: المخطط خلال العام | AK13: =SUM(G13:AJ13) -> 0 | AM13: 0
B14: عدد الأشخاص/الأطفال الجدد الذين تم إضافتهم خلال الشهر | H14: 0 | I14: 0 | J14: 0 | K14: 0 | L14: 0 | M14: 0 | N14: 2 | O14: 0 | P14: 0 | Q14: 11 | R14: 0 | S14: 0 | T14: 12 | U14: 0 | V14: 0 | W14: 0 | X14: 0 | Y14: 0 | AA14: 1 | AC14: 0 | AD14: 36 | AF14: 0 | AG14: 0 | AH14: 0 | AI14: 0 | AJ14: 0 | AK14: =SUM(G14:AJ14) -> 62 | AM14: 62
B15: عدد الأطفال المنقطعين عن الخدمة خلال الشهر | H15: 0 | I15: 1 | J15: 0 | K15: 0 | L15: 0 | M15: 0 | N15: 1 | O15: 0 | P15: 0 | Q15: 11 | R15: 0 | S15: 0 | T15: 11 | U15: 0 | V15: 1 | W15: 0 | X15: 0 | Y15: 1 | AA15: 0 | AC15: 0 | AD15: 0 | AE15: 0 | AF15: 0 | AG15: 3 | AH15: 0 | AI15: 1 | AJ15: 0 | AK15: =SUM(G15:AJ15) -> 30 | AM15: 30
B16: عدد المستفيدين شهريا من الأطفال (ذكور ) | H16: 14 | I16: 19 | J16: 0 | K16: 4 | L16: 19 | M16: 3 | N16: 15 | O16: 17 | P16: 8 | Q16: 40 | R16: 0 | S16: 1 | T16: 29 | U16: 6 | V16: 29 | W16: 8 | X16: 14 | Y16: 6 | Z16: 23 | AA16: 25 | AB16: 41 | AC16: 5 | AD16: 18 | AE16: 33 | AF16: 20 | AG16: 12 | AH16: 13 | AI16: 15 | AJ16: 3 | AK16: =SUM(G16:AJ16) -> 440 | AM16: 440
B17: عدد المستفيدين شهريا من الأطفال (اناث) | H17: 19 | I17: 18 | J17: 0 | K17: 1 | L17: 20 | M17: 5 | N17: 12 | O17: 9 | P17: 7 | Q17: 24 | R17: 0 | S17: 2 | T17: 17 | U17: 4 | V17: 21 | W17: 4 | X17: 7 | Y17: 17 | Z17: 12 | AA17: 24 | AB17: 22 | AC17: 5 | AD17: 16 | AE17: 12 | AF17: 16 | AG17: 3 | AH17: 15 | AI17: 19 | AJ17: 4 | AK17: =SUM(G17:AJ17) -> 335 | AM17: 335
B18: عدد المستفيدين شهريا من البالغين (ذكور ) | H18: 27 | I18: 34 | J18: 0 | K18: 59 | L18: 28 | M18: 33 | N18: 41 | O18: 29 | P18: 35 | Q18: 11 | R18: 0 | S18: 33 | T18: 25 | U18: 31 | V18: 23 | W18: 7 | X18: 18 | Y18: 25 | Z18: 33 | AA18: 45 | AB18: 15 | AC18: 44 | AD18: 15 | AE18: 22 | AF18: 4 | AG18: 4 | AH18: 5 | AI18: 0 | AJ18: 3 | AK18: =SUM(G18:AJ18) -> 649 | AM18: 649
B19: عدد المستفيدين شهريا من البالغين (اناث) | H19: 30 | I19: 21 | J19: 0 | K19: 72 | L19: 23 | M19: 49 | N19: 23 | O19: 35 | P19: 40 | Q19: 15 | R19: 0 | S19: 24 | T19: 19 | U19: 18 | V19: 17 | W19: 4 | X19: 40 | Y19: 43 | Z19: 22 | AA19: 57 | AB19: 10 | AC19: 36 | AD19: 41 | AE19: 23 | AF19: 3 | AG19: 20 | AH19: 13 | AI19: 9 | AJ19: 5 | AK19: =SUM(G19:AJ19) -> 712 | AM19: 712
B20: إجمالي عدد المستفيدين من خدمة الزيارات المنزلية شهريًا | G20: =SUM(G16:G19) -> 0 | H20: 90 | I20: 92 | J20: =SUM(J16:J19) -> 0 | K20: =SUM(K16:K19) -> 136 | L20: =SUM(L16:L19) -> 90 | M20: =SUM(M16:M19) -> 90 | N20: =SUM(N16:N19) -> 91 | O20: =SUM(O16:O19) -> 90 | P20: =SUM(P16:P19) -> 90 | Q20: =SUM(Q16:Q19) -> 90 | ... U20: =SUM(U16:U19) -> 59 | V20: 90 | W20: 23 | X20: 79 | Y20: 91 | Z20: 90 | AA20: 151 | AB20: =SUM(AB16:AB19) -> 88 | AC20: =SUM(AC16:AC19) -> 90 | AD20: =SUM(AD16:AD19) -> 90 | AE20: =SUM(AE16:AE19) -> 90 | AF20: =SUM(AF16+AF17+AF18+AF19) -> 43 | AG20: 39 | AH20: =SUM(AH16:AH19) -> 46 | AI20: =SUM(AI16:AI19) -> 43 | AJ20: 15 | AK20: =SUM(G20:AJ20) -> 2136 | AM20: 2136
A21: جلسات تأهيل داخل الوحدة | B21: جلسات إرشاد لأسر أ.ذ.إ | C21: المستهدف الشهري | K21: 0 | U21: 0 | AK21: =SUM(G21:AJ21) -> 0 | AM21: 0
C22: الفعلي شهريًا | K22: 0 | U22: 0 | AK22: =SUM(G22:AJ22) -> 0 | AM22: 0
B23: جلسات تأهيلية للأطفال | C23: المستهدف الشهري | G23: 100 | H23: 150 | I23: 150 | J23: 200 | K23: 150 | L23: 150 | M23: 150 | N23: 150 | O23: 150 | P23: 150 | Q23: 150 | R23: 300 | S23: 150 | T23: 150 | U23: 100 | V23: 150 | W23: 150 | Y23: 150 | Z23: 150 | AA23: 150 | AB23: 150 | AC23: 150 | AD23: 150 | AE23: 150 | AF23: 150 | AG23: 120 | AH23: 150 | AI23: 150 | AJ23: 150 | AK23: =SUM(G23:AJ23) -> 4420 | AM23: 4420
C24: الفعلي شهريًا | H24: 165 | I24: 162 | J24: 203 | K24: 77 | L24: 149 | M24: 183 | N24: 133 | O24: 150 | P24: 170 | Q24: 105 | R24: 335 | S24: 75 | T24: 116 | U24: 60 | V24: 195 | W24: 208 | X24: 44 | Y24: 120 | Z24: 150 | AA24: 150 | AB24: 254 | AC24: 97 | AD24: 98 | AE24: 180 | AF24: 105 | AG24: =46+56+59 -> 161 | AH24: =69+80+68 -> 217 | AI24: =41+55+62 -> 158 | AJ24: 69 | AK24: =SUM(G24:AJ24) -> 4289 | AM24: 4289
A25: الزيارات المنزلية (خارج الوحدة) | B25: جلسات إرشاد للأشخاص أنفسهم | C25: المستهدف الشهري | U25: 0 | V25: 0 | AJ25: 0 | AK25: =SUM(G25:AJ25) -> 0 | AM25: 0
C26: الفعلي شهريًا | H26: 53 | I26: 78 | U26: 100 | V26: 30 | W26: 9 | X26: 50 | Y26: 80 | Z26: 55 | AA26: 96 | AJ26: 0 | AK26: =SUM(G26:AJ26) -> 551 | AM26: 551
B27: جلسات إرشاد لأسر أ.ذ.إ | C27: المستهدف الشهري | AJ27: 0 | AK27: =SUM(G27:AJ27) -> 0 | AM27: 0
C28: الفعلي شهريًا | H28: 52 | I28: 101 | U28: 10 | V28: 60 | W28: 41 | X28: 46 | Y28: 29 | Z28: 33 | AA28: 150 | AJ28: 0 | AK28: =SUM(G28:AJ28) -> 522 | AM28: 522
B29: جلسات تأهيلية للأطفال / البالغين (تنمية قدرات/ تنمية المهارات اللغوية/ تنمية المهارات الحركية/ تنمية المهارات الأكاديمية) | C29: المستهدف الشهري | Y29: 43 | AG29: 90 | AH29: 120 | AI29: 120 | AJ29: 0 | AK29: =SUM(G29:AJ29) -> 373 | AM29: 373
C30: الفعلي شهريًا | H30: 60 | I30: 0 | V30: 40 | Z30: 53 | AA30: 60 | AG30: =28+20 -> 48 | AH30: 162 | AI30: =43+54+51 -> 148 | AJ30: 0 | AK30: =SUM(G30:AJ30) -> 571 | AM30: 571
B31: زيارات تستهدف خدمات إجتماعية | C31: المستهدف الشهري | U31: 0 | AJ31: 0 | AK31: =SUM(G31:AJ31) -> 0 | AM31: 0
C32: الفعلي شهريًا | H32: 15 | U32: 0 | V32: 50 | Z32: 39 | AA32: 9 | AJ32: 0 | AK32: =SUM(G32:AJ32) -> 113 | AM32: 113
B33: إجمالي عدد الزيارات المنفذة | C33: المستهدف الشهري | G33: 180 | H33: 180 | I33: 180 | J33: 0 | K33: 180 | L33: 180 | M33: 180 | N33: 180 | O33: 180 | P33: 180 | Q33: 180 | R33: 0 | S33: 180 | T33: 180 | U33: 0 | V33: 180 | W33: 180 | X33: 120 | Y33: 180 | Z33: 180 | AA33: 180 | AB33: 180 | AC33: 180 | AD33: 180 | AE33: 180 | AF33: 180 | AH33: 180 | AI33: 180 | AJ33: 180 | AK33: =SUM(G33:AJ33) -> 4620 | AM33: 4620
C34: الفعلي شهريًا | H34: 180 | I34: 179 | J34: =SUM(J26+J28+J30+J32) -> 0 | K34: 196 | L34: 170 | M34: 180 | N34: 154 | O34: 175 | P34: 180 | Q34: 180 | R34: =SUM(R26+R28+R30+R32) -> 0 | S34: 75 | T34: 95 | U34: 110 | V34: 180 | W34: 50 | X34: 96 | Y34: 152 | Z34: 180 | AA34: 315 | AB34: 176 | AC34: 158 | AD34: 120 | AE34: 180 | AF34: 82 | AG34: 48 | AH34: 162 | AI34: 148 | AJ34: 34 | AK34: =SUM(G34:AJ34) -> 3955 | AM34: 3955
A35: الخدمات النفسية | B35: التقييمات التشخيصية | C35: المستهدف الشهري | G35: 30 | H35: 30 | I35: 30 | J35: 30 | K35: 30 | L35: 30 | M35: 30 | N35: 30 | O35: 30 | P35: 30 | Q35: 30 | R35: 30 | S35: 30 | T35: 30 | U35: 30 | V35: 30 | W35: 30 | X35: 30 | Y35: 30 | Z35: 30 | AA35: 30 | AB35: 30 | AC35: 30 | AD35: 30 | AE35: 30 | AF35: 30 | AH35: 30 | AI35: 30 | AJ35: 30 | AK35: =SUM(G35:AJ35) -> 870 | AM35: 870
C36: الفعلي شهريًا | G36: 0 | H36: 0 | I36: 0 | J36: 15 | K36: 13 | L36: 11 | M36: 15 | N36: 15 | O36: 16 | P36: 15 | Q36: 22 | R36: 18 | S36: 7 | T36: 11 | U36: 9 | V36: 4 | W36: 0 | Y36: 0 | Z36: 0 | AA36: 0 | AB36: 15 | AC36: 15 | AD36: 11 | AE36: 15 | AF36: 12 | AH36: 12 | AI36: 8 | AJ36: 12 | AK36: =SUM(G36:AJ36) -> 271 | AM36: 271
A37: الأنشطة المجتمعية | B37: الندوات | C37: المستهدف الشهري | H37: 1 | J37: 1 | M37: 1 | N37: 1 | O37: 1 | P37: 2 | Q37: 2 | R37: 1 | T37: 1 | U37: 1 | V37: 1 | X37: 1 | Y37: 1 | AB37: 1 | AC37: 1 | AE37: 1 | AF37: 1 | AH37: 1 | AI37: 0 | AJ37: 1 | AK37: =SUM(G37:AJ37) -> 21 | AM37: 21
C38: الفعلي شهريًا | H38: 2 | I38: 1 | J38: 2 | M38: 1 | N38: 2 | O38: 3 | P38: 2 | Q38: 2 | R38: 1 | T38: 1 | U38: 1 | V38: 1 | W38: 6 | X38: 0 | Y38: 1 | AA38: 1 | AB38: 0 | AC38: 0 | AD38: 1 | AE38: 0 | AF38: 0 | AG38: 1 | AH38: 1 | AI38: 0 | AJ38: 1 | AK38: =SUM(G38:AJ38) -> 31 | AM38: 31
B39: الجولات الحرة | C39: المستهدف الشهري | H39: 2 | J39: 2 | K39: 2 | L39: 2 | M39: 2 | N39: 2 | O39: 2 | P39: 2 | Q39: 2 | R39: 2 | T39: 2 | U39: 2 | V39: 1 | X39: 1 | AB39: 1 | AC39: 1 | AG39: 1 | AH39: 1 | AI39: 0 | AJ39: 1 | AK39: =SUM(G39:AJ39) -> 31 | AM39: 31
C40: الفعلي شهريًا | H40: 2 | I40: 3 | J40: 2 | K40: 0 | L40: 2 | M40: 2 | N40: 3 | O40: 3 | P40: 3 | Q40: 2 | R40: 2 | T40: 2 | U40: 2 | V40: 3 | W40: 5 | X40: 0 | Y40: 2 | Z40: 1 | AA40: 4 | AB40: 1 | AC40: 1 | AD40: 0 | AE40: 1 | AF40: 0 | AG40: 1 | AH40: 5 | AI40: 0 | AJ40: 7 | AK40: =SUM(G40:AJ40) -> 59 | AM40: 59
B41: الأيام الترفيهية | C41: المستهدف الشهري | H41: 0 | V41: 1 | X41: 1 | AE41: 1 | AG41: 1 | AH41: 1 | AI41: 0 | AK41: =SUM(G41:AJ41) -> 5 | AM41: 5
C42: الفعلي شهريًا | H42: 0 | V42: 0 | W42: 10 | X42: 0 | AA42: 1 | AG42: 1 | AH42: 1 | AI42: 0 | AK42: =SUM(G42:AJ42) -> 13 | AM42: 13
B43: ورش الأسر | C43: المستهدف الشهري | M43: 1 | O43: 1 | P43: 1 | V43: 1 | X43: 1 | AI43: 0 | AK43: =SUM(G43:AJ43) -> 5 | AM43: 5
C44: الفعلي شهريًا | M44: 1 | O44: 1 | P44: 1 | V44: 0 | X44: 0 | Y44: 0 | AI44: 0 | AK44: =SUM(G44:AJ44) -> 3 | AM44: 3
G45: جحدم | H45: الحواتكة | I45: بنى شقير | J45: القوصية | K45: التمساحية | L45: عرب الجهمة | M45: الدير | N45: تناغة | O45: فزارة | P45: القصير | Q45: نزلة ضاهر | R45: ديروط | S45: الحوطا الغربية | T45: دشلوط | U45: زاوية هارون | V45: البورة | W45: منقباد | X45: الواسطى | Y45: كوم المنصورة | Z45: ريفا | AA45: 10 | AB45: تونس | AC45: المنشأه | AD45: العسيرات | AE45: كوم بدار | AF45: فزارة | AG45: النويرة | AH45: ببا | AI45: سدس | AJ45: الرياض | AK45: =SUM(G45:AJ45) -> 10 | AM45: 10
A46: الخدمات الإجتماعية | B46: مشروع للشخص | I46: 0 | V46: 0 | W46: 0 | X46: 0 | Y46: 0 | Z46: 0 | AA46: 0 | AG46: 0 | AH46: 0 | AI46: 0 | AJ46: 0 | AK46: =SUM(G46:AJ46) -> 0 | AM46: 0
B47: مشروع للأسرة | I47: 0 | K47: 1 | N47: 1 | V47: 0 | W47: 0 | X47: 0 | Y47: 0 | Z47: 0 | AA47: 0 | AG47: 0 | AH47: 0 | AI47: 0 | AJ47: 0 | AK47: =SUM(G47:AJ47) -> 2 | AM47: 2
B48: علاج دوائي | I48: 0 | K48: 3 | V48: 0 | W48: 0 | X48: 0 | Y48: 0 | Z48: 0 | AA48: 1 | AG48: 0 | AH48: 0 | AI48: 0 | AJ48: 0 | AK48: =SUM(G48:AJ48) -> 4 | AM48: 4
B49: عمليات جراحية | I49: 0 | K49: 2 | V49: 0 | W49: 0 | X49: 0 | Y49: 0 | Z49: 0 | AA49: 0 | AG49: 0 | AH49: 0 | AI49: 0 | AJ49: 0 | AK49: =SUM(G49:AJ49) -> 2 | AM49: 2
B50: أطراف صناعية | I50: 0 | V50: 0 | W50: 0 | X50: 0 | Y50: 0 | Z50: 0 | AA50: 0 | AG50: 0 | AH50: 0 | AI50: 0 | AJ50: 0 | AK50: =SUM(G50:AJ50) -> 0 | AM50: 0
B51: سماعات طبية | H51: 3 | I51: 0 | V51: 0 | W51: 0 | X51: 0 | Y51: 0 | Z51: 0 | AA51: 0 | AG51: 0 | AH51: 0 | AI51: 0 | AJ51: 0 | AK51: =SUM(G51:AJ51) -> 3 | AM51: 3
B52: كرسي متحرك | I52: 0 | V52: 0 | W52: 0 | X52: 0 | Y52: 0 | Z52: 0 | AA52: 0 | AG52: 0 | AH52: 0 | AI52: 0 | AJ52: 0 | AK52: =SUM(G52:AJ52) -> 0 | AM52: 0
B53: سقف منزل | I53: 0 | V53: 0 | W53: 0 | X53: 0 | Y53: 0 | Z53: 0 | AA53: 0 | AG53: 0 | AH53: 0 | AI53: 0 | AJ53: 0 | AK53: =SUM(G53:AJ53) -> 0 | AM53: 0
B54: وصلات مياه | I54: 0 | V54: 0 | W54: 0 | X54: 0 | Y54: 0 | Z54: 0 | AA54: 0 | AG54: 0 | AH54: 0 | AI54: 0 | AJ54: 0 | AK54: =SUM(G54:AJ54) -> 0 | AM54: 0
B55: تشطيب غرف | I55: 0 | V55: 0 | W55: 0 | X55: 0 | Y55: 0 | Z55: 0 | AA55: 0 | AG55: 0 | AH55: 0 | AI55: 0 | AJ55: 0 | AK55: =SUM(G55:AJ55) -> 0 | AM55: 0
B56: أثاثات للغرف | I56: 0 | V56: 0 | W56: 0 | X56: 0 | Y56: 0 | Z56: 0 | AA56: 0 | AG56: 0 | AH56: 0 | AI56: 0 | AJ56: 0 | AK56: =SUM(G56:AJ56) -> 0 | AM56: 0
B57: تجهيز حمام | I57: 0 | V57: 0 | W57: 0 | X57: 0 | Y57: 0 | Z57: 0 | AA57: 0 | AG57: 0 | AH57: 0 | AI57: 0 | AJ57: 1 | AK57: =SUM(G57:AJ57) -> 1 | AM57: 1
B58: أجهزة كهربائية | I58: 0 | V58: 0 | W58: 0 | X58: 0 | Y58: 0 | Z58: 0 | AA58: 0 | AG58: 0 | AH58: 0 | AI58: 0 | AJ58: 0 | AK58: =SUM(G58:AJ58) -> 0 | AM58: 0
B59: بطاطين | I59: 0 | V59: 0 | W59: 0 | X59: 0 | Y59: 0 | Z59: 0 | AA59: 0 | AG59: 0 | AH59: 0 | AI59: 0 | AJ59: 0 | AK59: =SUM(G59:AJ59) -> 0 | AM59: 0
B60: بطاقة الخدمات | H60: 0 | I60: 0 | K60: 3 | V60: 0 | W60: 0 | X60: 0 | Y60: 0 | Z60: 0 | AA60: 0 | AG60: 0 | AH60: 0 | AI60: 0 | AJ60: 0 | AK60: =SUM(G60:AJ60) -> 3 | AM60: 3
B61: ملابس وشنط | H61: 0 | I61: 5 | K61: 2 | M61: 20 | T61: 7 | V61: 0 | W61: 0 | X61: 0 | Y61: 0 | Z61: 0 | AA61: 2 | AG61: 0 | AH61: 0 | AI61: 0 | AJ61: 1 | AK61: =SUM(G61:AJ61) -> 37 | AM61: 37
B62: الإحالة | H62: 1 | I62: 0 | K62: 3 | V62: 0 | W62: 0 | X62: 0 | Y62: 0 | Z62: 0 | AG62: 0 | AH62: 0 | AI62: 0 | AJ62: 0 | AK62: =SUM(G62:AJ62) -> 4 | AM62: 4
B63: معاش شهري | H63: 0 | I63: 0 | Q63: 1 | V63: 0 | W63: 0 | X63: 0 | Y63: 0 | Z63: 0 | AG63: 0 | AH63: 0 | AI63: 0 | AJ63: 0 | AK63: =SUM(G63:AJ63) -> 1 | AM63: 1
B64: نظارة طبية | H64: 0 | I64: 0 | V64: 0 | W64: 0 | X64: 0 | Y64: 0 | Z64: 0 | AG64: 0 | AH64: 0 | AI64: 0 | AJ64: 0 | AK64: =SUM(G64:AJ64) -> 0 | AM64: 0
B65: مساعدات مادية من بنك ناصر | H65: 0 | I65: 0 | V65: 0 | W65: 0 | X65: 0 | Y65: 0 | Z65: 0 | AA65: 0 | AG65: 0 | AH65: 0 | AI65: 0 | AJ65: 0 | AK65: =SUM(G65:AJ65) -> 0 | AM65: 0
B66: أخرى | H66: 0 | I66: 0 | Q66: 26 | V66: 0 | W66: 0 | X66: 0 | Y66: 0 | Z66: 0 | AA66: 0 | AG66: 0 | AH66: 3 | AJ66: 0 | AK66: =SUM(G66:AJ66) -> 29 | AM66: 29
B67: إجمالى عدد المستفدين | AK67: =SUM(AK7+AK10+AK15+AK20) -> 3126

Sheet تقرير أغسطس 2023
C1: وحدات مكتب منفلوط | V1: مكتب أسيوط | AB1: مكتب سوهاج | AF1: طهطا | AG1: مكتب بنى سويف | AJ1: الواسطى
G2: جحدم | H2: الحواتكة | I2: بنى شقير | J2: القوصية | K2: التمساحية | L2: عرب الجهمة | M2: الدير | N2: تناغة | O2: فزارة | P2: القصير | Q2: نزلة ضاهر | R2: ديروط | S2: الحوطا الغربية | T2: دشلوط | U2: زاوية هارون | V2: البورة | W2: منقباد | X2: الواسطى | Y2: كوم المنصورة | Z2: ريفا | AA2: أبوتيج | AB2: تونس | AC2: المنشأه | AD2: العسيرات | AE2: كوم بدار | AF2: فزارة | AG2: النويرة | AH2: ببا | AI2: سدس | AJ2: الرياض | AK2: إجمالى
A3: إجمالي المستفيدين | B3: إجمالي المستفيدين بالوحدة خلال العام | G3: 120 | H3: 120 | I3: 120 | J3: 120 | K3: 120 | L3: 120 | M3: 120 | N3: 120 | O3: 120 | P3: 120 | Q3: 120 | R3: 120 | S3: 120 | T3: 120 | U3: 0 | V3: 120 | W3: 120 | X3: 120 | Y3: 120 | Z3: 120 | AA3: 120 | AB3: 120 | AC3: 120 | AD3: 120 | AE3: 120 | AF3: 120 | AG3: 120 | AH3: 120 | AI3: 120 | AJ3: 120 | AK3: =SUM(G3:AJ3) -> 3480 | AL3: 3480
B4: إجمالي المستفيدين بالوحدة شهريًا | G4: 80 | H4: 120 | I4: 119 | J4: 80 | K4: 80 | L4: 120 | M4: 120 | N4: 90 | O4: 120 | P4: 120 | Q4: 120 | R4: 120 | S4: 120 | T4: 120 | U4: 0 | V4: 119 | W4: 51 | AB4: 120 | AC4: 120 | AD4: 120 | AE4: 120 | AF4: 120 | AK4: =SUM(G4:AJ4) -> 2299 | AL4: 2833
A5: عدد الأطفال ذوى الإعاقة (الجلسات التأهيلية داخل بالبرنامج ) | B5: المخطط خلال العام | G5: 50 | H5: 50 | I5: 50 | J5: 75 | K5: 50 | L5: 50 | M5: 50 | N5: 50 | O5: 50 | P5: 50 | Q5: 50 | R5: 75 | S5: 50 | T5: 50 | U5: 0 | V5: 0 | W5: 0 | AB5: 50 | AC5: 50 | AD5: 50 | AE5: 50 | AF5: 50 | AK5: =SUM(G5:AJ5) -> 1000 | AL5: 1000
B6: عدد الأطفال الجدد الذين تم إضافتهم خلال الشهر | G6: 0 | H6: 0 | I6: 0 | J6: 4 | K6: 5 | L6: 0 | M6: 2 | N6: 0 | O6: 2 | P6: 0 | Q6: 3 | R6: 3 | S6: 0 | T6: 6 | U6: 0 | V6: 3 | W6: 0 | X6: 1 | Y6: 10 | Z6: 7 | AA6: 15 | AB6: 0 | AC6: 1 | AD6: 0 | AE6: 0 | AF6: 12 | AG6: 1 | AH6: 12 | AI6: 5 | AJ6: 1 | AK6: =SUM(G6:AJ6) -> 93 | AL6: 93
B7: عدد الأطفال المنقطعين عن الخدمة خلال الشهر | G7: 0 | H7: 0 | I7: 0 | J7: 0 | K7: 2 | L7: 0 | M7: 2 | N7: 0 | O7: 2 | P7: 0 | Q7: 3 | R7: 4 | S7: 0 | T7: 0 | U7: 0 | V7: 1 | W7: 1 | X7: 2 | Y7: 10 | Z7: 8 | AA7: 0 | AB7: 0 | AC7: 0 | AD7: 0 | AE7: 0 | AF7: 7 | AG7: 0 | AH7: 0 | AI7: 4 | AJ7: 0 | AK7: =SUM(G7:AJ7) -> 46 | AL7: 46
B8: عدد المستفيدين شهريا من الأطفال (ذكور ) | G8: 11 | H8: 18 | I8: 17 | J8: 10 | K8: 15 | L8: 16 | M8: 27 | N8: 18 | O8: 18 | P8: 20 | Q8: 18 | R8: 34 | S8: 14 | T8: 15 | U8: 0 | V8: 23 | W8: 18 | X8: 14 | Y8: 15 | Z8: 24 | AA8: 19 | AB8: 20 | AC8: 19 | AD8: 20 | AE8: 17 | AF8: 12 | AG8: 31 | AH8: 23 | AI8: 31 | AJ8: 10 | AK8: =SUM(G8:AJ8) -> 547 | AL8: 547
B9: عدد المستفيدين شهريا من الأطفال (اناث) | G9: 11 | H9: 12 | I9: 9 | J9: 28 | K9: 6 | L9: 14 | M9: 5 | N9: 12 | O9: 12 | P9: 10 | Q9: 12 | R9: 30 | S9: 5 | T9: 14 | U9: 0 | V9: 6 | W9: 9 | X9: 6 | Y9: 15 | Z9: 23 | AA9: 11 | AB9: 10 | AC9: 11 | AD9: 10 | AE9: 13 | AF9: 6 | AG9: 23 | AH9: 23 | AI9: 12 | AJ9: 3 | AK9: =SUM(G9:AJ9) -> 361 | AL9: 361
B10: إجمالي عدد الأطفال المنتظمين بالوحدة خلال الشهر (تحت 14 عام ) | G10: =SUM(G8+G9) -> 22 | H10: 30 | I10: 26 | J10: =SUM(J8+J9) -> 38 | K10: =SUM(K8+K9) -> 21 | L10: =SUM(L8+L9) -> 30 | M10: =SUM(M8+M9) -> 32 | N10: =SUM(N8+N9) -> 30 | O10: =SUM(O8+O9) -> 30 | P10: =SUM(P8+P9) -> 30 | Q10: =SUM(Q8+Q9) -> 30 | ... V10: =SUM(V8+V9) -> 29 | W10: 27 | X10: 20 | Y10: 30 | Z10: 47 | AA10: =SUM(AA8+AA9) -> 30 | AB10: =SUM(AB8+AB9) -> 30 | AC10: =SUM(AC8+AC9) -> 30 | AD10: =SUM(AD8+AD9) -> 30 | AE10: =SUM(AE8+AE9) -> 30 | AF10: =SUM(AF8+AF9) -> 18 | AG10: 54 | AH10: 46 | AI10: 43 | AJ10: 13 | AK10: =SUM(G10:AJ10) -> 908 | AL10: 908
A11: عدد الأشخاص الذين تم رصدهم | B11: عدد الأشخاص الذين تم رصدهم بالكامل | V11: 406 | X11: 330 | Y11: 232 | AA11: 335 | AG11: 0 | AK11: =SUM(G11:AJ11) -> 1303 | AL11: 1303
B12: عدد الأشخاص الذين تم رصدهم خلال الشهر | V12: 73 | X12: 16 | Y12: 13 | Z12: 2 | AA12: 86 | AG12: 0 | AI12: 5 | AK12: =SUM(G12:AJ12) -> 195 | AL12: 195
A13: عدد الأشخاص/الأطفال ذوى الإعاقة (الزيارات المنزلية ) | B13: المخطط خلال العام | AK13: =SUM(G13:AJ13) -> 0 | AL13: 0
B14: عدد الأشخاص/الأطفال الجدد الذين تم إضافتهم خلال الشهر | I14: 0 | J14: 0 | K14: 37 | L14: 0 | M14: 0 | N14: 2 | O14: 0 | P14: 0 | Q14: 15 | R14: 0 | S14: 0 | T14: 12 | U14: 0 | V14: 16 | W14: 2 | X14: 16 | Y14: 22 | Z14: 1 | AA14: 86 | AC14: 0 | AD14: 36 | AF14: 0 | AG14: 0 | AH14: 0 | AI14: 0 | AJ14: 2 | AK14: =SUM(G14:AJ14) -> 247 | AL14: 247
B15: عدد الأطفال المنقطعين عن الخدمة خلال الشهر | H15: 0 | I15: 0 | J15: 0 | K15: 2 | L15: 0 | M15: 0 | N15: 1 | O15: 0 | P15: 0 | Q15: 15 | R15: 0 | S15: 0 | T15: 11 | U15: 0 | V15: 0 | W15: 0 | X15: 0 | Y15: 22 | Z15: 0 | AA15: 0 | AC15: 0 | AD15: 0 | AE15: 0 | AF15: 2 | AG15: 0 | AH15: 4 | AI15: 5 | AJ15: 0 | AK15: =SUM(G15:AJ15) -> 62 | AL15: 62
B16: عدد المستفيدين شهريا من الأطفال (ذكور ) | G16: 13 | H16: 14 | I16: 20 | J16: 0 | K16: 4 | L16: 19 | M16: 3 | N16: 15 | O16: 17 | P16: 8 | Q16: 39 | R16: 0 | S16: 1 | T16: 29 | U16: 0 | V16: 28 | W16: 8 | X16: 14 | Y16: 6 | Z16: 15 | AA16: 15 | AB16: 42 | AC16: 5 | AD16: 18 | AE16: 33 | AF16: 20 | AG16: 13 | AH16: 11 | AI16: 14 | AJ16: 3 | AK16: =SUM(G16:AJ16) -> 427 | AL16: 427
B17: عدد المستفيدين شهريا من الأطفال (اناث) | G17: 16 | H17: 19 | I17: 18 | J17: 0 | K17: 1 | L17: 20 | M17: 5 | N17: 12 | O17: 9 | P17: 7 | Q17: 28 | R17: 0 | S17: 2 | T17: 17 | U17: 0 | V17: 18 | W17: 2 | X17: 7 | Y17: 16 | Z17: 6 | AA17: 15 | AB17: 23 | AC17: 5 | AD17: 16 | AE17: 12 | AF17: 15 | AG17: 6 | AH17: 13 | AI17: 15 | AJ17: 3 | AK17: =SUM(G17:AJ17) -> 326 | AL17: 326
B18: عدد المستفيدين شهريا من البالغين (ذكور ) | G18: 13 | H18: 27 | I18: 34 | J18: 0 | K18: 59 | L18: 28 | M18: 33 | N18: 41 | O18: 29 | P18: 35 | Q18: 11 | R18: 0 | S18: 33 | T18: 25 | U18: 0 | V18: 26 | W18: 7 | X18: 18 | Y18: 25 | Z18: 42 | AA18: 42 | AB18: 15 | AC18: 44 | AD18: 15 | AE18: 22 | AF18: 13 | AG18: 4 | AH18: 6 | AI18: 0 | AJ18: 3 | AK18: =SUM(G18:AJ18) -> 650 | AL18: 650
B19: عدد المستفيدين شهريا من البالغين (اناث) | G19: 41 | H19: 30 | I19: 21 | J19: 0 | K19: 67 | L19: 23 | M19: 49 | N19: 22 | O19: 35 | P19: 40 | Q19: 12 | R19: 0 | S19: 24 | T19: 19 | U19: 0 | V19: 18 | W19: 7 | X19: 41 | Y19: 43 | Z19: 27 | AA19: 45 | AB19: 10 | AC19: 36 | AD19: 41 | AE19: 23 | AF19: 12 | AG19: 18 | AH19: 13 | AI19: 9 | AJ19: 5 | AK19: =SUM(G19:AJ19) -> 731 | AL19: 731
B20: إجمالي عدد المستفيدين من خدمة الزيارات المنزلية شهريًا | G20: =SUM(G16:G19) -> 83 | H20: 90 | I20: 93 | J20: =SUM(J16:J19) -> 0 | K20: =SUM(K16:K19) -> 131 | L20: =SUM(L16:L19) -> 90 | M20: =SUM(M16:M19) -> 90 | N20: =SUM(N16:N19) -> 90 | O20: =SUM(O16:O19) -> 90 | P20: =SUM(P16:P19) -> 90 | Q20: =SUM(Q16:Q19) -> 90 | ... V20: =SUM(V16:V19) -> 90 | W20: 24 | X20: 80 | Y20: =Y19+Y18+Y17+Y16 -> 90 | Z20: 90 | AA20: 117 | AB20: =SUM(AB16:AB19) -> 90 | AC20: =SUM(AC16:AC19) -> 90 | AD20: =SUM(AD16:AD19) -> 90 | AE20: =SUM(AE16:AE19) -> 90 | AF20: =SUM(AF16+AF17+AF18+AF19) -> 60 | AG20: 41 | AH20: 43 | AI20: 36 | AJ20: 14 | AK20: =SUM(G20:AJ20) -> 2132 | AL20: 2132
A21: جلسات تأهيل داخل الوحدة | B21: جلسات إرشاد لأسر أ.ذ.إ | C21: المستهدف الشهري | K21: 0 | U21: 0 | AG21: 0 | AH21: 0 | AI21: 0 | AK21: =SUM(G21:AJ21) -> 0 | AL21: 0
C22: الفعلي شهريًا | K22: 0 | U22: 0 | W22: 20 | AG22: 0 | AH22: 0 | AI22: 0 | AK22: =SUM(G22:AJ22) -> 20 | AL22: 20
B23: جلسات تأهيلية للأطفال | C23: المستهدف الشهري | G23: 100 | H23: 150 | I23: 150 | J23: 100 | K23: 150 | L23: 150 | M23: 150 | N23: 150 | O23: 150 | P23: 150 | Q23: 150 | R23: 300 | S23: 150 | T23: 150 | U23: 0 | V23: 150 | W23: 150 | Z23: 150 | AA23: 150 | AB23: 150 | AC23: 150 | AD23: 150 | AE23: 150 | AF23: 150 | AG23: 150 | AH23: 150 | AI23: 150 | AJ23: 150 | AK23: =SUM(G23:AJ23) -> 4100 | AL23: 4100
C24: الفعلي شهريًا | G24: 10 | H24: 166 | I24: 148 | J24: 208 | K24: 84 | L24: 171 | M24: 204 | N24: 163 | O24: 163 | P24: 160 | Q24: 93 | R24: 256 | S24: 90 | T24: 136 | U24: 0 | V24: 155 | W24: 200 | X24: 79 | Y24: 153 | Z24: 180 | AA24: 127 | AB24: 218 | AC24: 83 | AD24: 153 | AE24: 182 | AF24: 102 | AG24: =68+65+70 -> 203 | AH24: =63+50+50 -> 163 | AI24: =46+51+40 -> 137 | AJ24: 86 | AK24: =SUM(G24:AJ24) -> 4273 | AL24: 4273
A25: الزيارات المنزلية (خارج الوحدة) | B25: جلسات إرشاد للأشخاص أنفسهم | C25: المستهدف الشهري | U25: 0 | AG25: 0 | AH25: 0 | AI25: 0 | AK25: =SUM(G25:AJ25) -> 0 | AL25: 0
C26: الفعلي شهريًا | H26: 63 | I26: 77 | U26: 0 | V26: 30 | W26: 6 | X26: 80 | Y26: 90 | Z26: 52 | AG26: 0 | AH26: 0 | AI26: 0 | AK26: =SUM(G26:AJ26) -> 398 | AL26: 398
B27: جلسات إرشاد لأسر أ.ذ.إ | C27: المستهدف الشهري | AG27: 0 | AH27: 0 | AI27: 0 | AK27: =SUM(G27:AJ27) -> 0 | AL27: 0
C28: الفعلي شهريًا | H28: 33 | I28: 100 | V28: 60 | W28: 16 | X28: 60 | Y28: 47 | Z28: 10 | AG28: 0 | AH28: 0 | AI28: 0 | AK28: =SUM(G28:AJ28) -> 326 | AL28: 326
B29: جلسات تأهيلية للأطفال / البالغين (تنمية قدرات/ تنمية المهارات اللغوية/ تنمية المهارات الحركية/ تنمية المهارات الأكاديمية) | C29: المستهدف الشهري | Y29: 43 | AI29: 0 | AK29: =SUM(G29:AJ29) -> 43 | AL29: 43
C30: الفعلي شهريًا | H30: 55 | V30: 50 | W30: 13 | X30: 2 | Z30: 52 | AG30: =30+35+35 -> 100 | AI30: 0 | AK30: =SUM(G30:AJ30) -> 272 | AL30: 272
B31: زيارات تستهدف خدمات إجتماعية | C31: المستهدف الشهري | U31: 0 | AG31: 0 | AK31: =SUM(G31:AJ31) -> 0 | AL31: 0
C32: الفعلي شهريًا | H32: 7 | U32: 0 | V32: 35 | W32: 11 | X32: 0 | Z32: 66 | AG32: 0 | AI32: 0 | AK32: =SUM(G32:AJ32) -> 119 | AL32: 119
B33: إجمالي عدد الزيارات المنفذة | C33: المستهدف الشهري | G33: 180 | H33: 180 | I33: 180 | J33: 0 | K33: 180 | L33: 180 | M33: 180 | N33: 180 | O33: 180 | P33: 180 | Q33: 180 | R33: 0 | S33: 180 | T33: 180 | U33: 0 | V33: 180 | W33: 180 | X33: 180 | Z33: 180 | AA33: 180 | AB33: 180 | AC33: 180 | AD33: 180 | AE33: 180 | AF33: 180 | AG33: 180 | AH33: 180 | AI33: 180 | AK33: =SUM(G33:AJ33) -> 4500 | AL33: 4500
C34: الفعلي شهريًا | G34: 120 | H34: 180 | I34: 177 | J34: =SUM(J26+J28+J30+J32) -> 0 | K34: 192 | L34: 180 | M34: 180 | N34: 180 | O34: 180 | P34: 180 | Q34: 180 | R34: =SUM(R26+R28+R30+R32) -> 0 | S34: 120 | T34: 175 | U34: =SUM(U26+U28+U30+U32) -> 0 | V34: 175 | W34: 46 | X34: 142 | Y34: 180 | Z34: 180 | AA34: 238 | AB34: 180 | AC34: 135 | AD34: 180 | AE34: 182 | AF34: 73 | AG34: 100 | AH34: 165 | AI34: 101 | AJ34: 28 | AK34: =SUM(G34:AJ34) -> 4149 | AL34: 4149
A35: الخدمات النفسية | B35: التقييمات التشخيصية | C35: المستهدف الشهري | G35: 30 | J35: 30 | K35: 30 | L35: 30 | M35: 30 | N35: 30 | O35: 30 | P35: 30 | Q35: 30 | R35: 30 | S35: 30 | T35: 30 | U35: 30 | AB35: 30 | AC35: 30 | AD35: 30 | AE35: 30 | AF35: 30 | AG35: 30 | AH35: 0 | AI35: 0 | AK35: =SUM(G35:AJ35) -> 570 | AL35: 544
C36: الفعلي شهريًا | I36: 6 | J36: 8 | K36: 13 | L36: 11 | M36: 15 | N36: 15 | O36: 12 | P36: 15 | Q36: 11 | R36: 18 | S36: 7 | T36: 11 | U36: 0 | V36: 0 | Y36: 0 | Z36: 0 | AA36: 0 | AB36: 15 | AC36: 15 | AD36: 11 | AE36: 5 | AF36: 11 | AG36: 4 | AH36: 0 | AI36: 0 | AK36: =SUM(G36:AJ36) -> 203 | AL36: 203
A37: الأنشطة المجتمعية | B37: الندوات | C37: المستهدف الشهري | M37: 1 | Q37: 0 | R37: 1 | S37: 1 | AB37: 1 | AC37: 1 | AE37: 1 | AF37: 1 | AG37: 0 | AH37: 1 | AI37: 0 | AK37: =SUM(G37:AJ37) -> 8 | AL37: 8
C38: الفعلي شهريًا | M38: 1 | Q38: 0 | R38: 1 | S38: 1 | V38: 1 | W38: 1 | X38: 1 | Y38: 2 | Z38: 1 | AA38: 1 | AB38: 1 | AC38: 1 | AE38: 1 | AF38: 1 | AG38: 0 | AH38: 1 | AI38: 0 | AK38: =SUM(G38:AJ38) -> 15 | AL38: 15 | AM38: 349
B39: الجولات الحرة | C39: المستهدف الشهري | J39: 2 | K39: 2 | L39: 2 | M39: 1 | N39: 2 | Q39: 2 | R39: 2 | T39: 3 | AB39: 2 | AC39: 2 | AD39: 2 | AE39: 2 | AF39: 1 | AG39: 3 | AH39: 2 | AI39: 6 | AK39: =SUM(G39:AJ39) -> 36 | AL39: 36
C40: الفعلي شهريًا | I40: 3 | J40: 2 | K40: 2 | L40: 1 | M40: 2 | N40: 2 | Q40: 2 | R40: 2 | T40: 2 | V40: 1 | W40: 1 | X40: 3 | Y40: 1 | AA40: 1 | AB40: 2 | AC40: 2 | AD40: 2 | AE40: 2 | AF40: 1 | AG40: 2 | AH40: 2 | AI40: 4 | AK40: =SUM(G40:AJ40) -> 42 | AL40: 43
B41: الأيام الترفيهية | C41: المستهدف الشهري | AG41: 0 | AH41: 0 | AI41: 1 | AK41: =SUM(G41:AJ41) -> 1 | AL41: 1
C42: الفعلي شهريًا | I42: 1 | W42: 1 | AA42: 1 | AG42: 0 | AH42: 0 | AI42: 1 | AK42: =SUM(G42:AJ42) -> 4 | AL42: 4
B43: ورش الأسر | C43: المستهدف الشهري | AG43: 0 | AK43: =SUM(G43:AJ43) -> 0 | AL43: 0
C44: الفعلي شهريًا | V44: 1 | AK44: =SUM(G44:AJ44) -> 1 | AL44: 1
G45: جحدم | H45: الحواتكة | I45: بنى شقير | J45: القوصية | K45: التمساحية | L45: عرب الجهمة | M45: الدير | N45: تناغة | O45: فزارة | P45: القصير | Q45: نزلة ضاهر | R45: ديروط | S45: الحوطا الغربية | T45: دشلوط | U45: زاوية هارون | V45: البورة | W45: منقباد | X45: الواسطى | Y45: كوم المنصورة | Z45: ريفا | AA45: أبوتيج | AB45: تونس | AC45: المنشأه | AD45: العسيرات | AE45: كوم بدار | AF45: فزارة | AG45: النويرة | AH45: ببا | AI45: سدس | AJ45: الرياض | AK45: =SUM(G45:AJ45) -> 0 | AL45: 0
A46: الخدمات الإجتماعية | B46: مشروع للشخص | V46: 0 | W46: 0 | X46: 0 | Y46: 0 | AK46: =SUM(G46:AJ46) -> 0 | AL46: 0
B47: مشروع للأسرة | V47: 0 | W47: 0 | X47: 0 | Y47: 0 | AK47: =SUM(G47:AJ47) -> 0 | AL47: 0
B48: علاج دوائي | K48: 5 | N48: 1 | V48: 0 | W48: 0 | X48: 0 | Y48: 0 | AK48: =SUM(G48:AJ48) -> 6 | AL48: 6
B49: عمليات جراحية | K49: 5 | N49: 1 | V49: 0 | W49: 0 | X49: 0 | Y49: 0 | AK49: =SUM(G49:AJ49) -> 6 | AL49: 6
B50: أطراف صناعية | V50: 0 | W50: 0 | X50: 0 | Y50: 0 | AK50: =SUM(G50:AJ50) -> 0 | AL50: 0
B51: سماعات طبية | V51: 0 | W51: 0 | X51: 0 | Y51: 0 | AK51: =SUM(G51:AJ51) -> 0 | AL51: 0
B52: كرسي متحرك | V52: 0 | W52: 0 | X52: 0 | Y52: 0 | AK52: =SUM(G52:AJ52) -> 0 | AL52: 0
B53: سقف منزل | V53: 0 | W53: 0 | X53: 0 | Y53: 0 | AK53: =SUM(G53:AJ53) -> 0 | AL53: 0
B54: وصلات مياه | V54: 0 | W54: 0 | X54: 0 | Y54: 0 | AK54: =SUM(G54:AJ54) -> 0 | AL54: 0
B55: تشطيب غرف | V55: 0 | W55: 0 | X55: 0 | Y55: 0 | AK55: =SUM(G55:AJ55) -> 0 | AL55: 0
B56: أثاثات للغرف | V56: 0 | W56: 0 | X56: 0 | Y56: 0 | AK56: =SUM(G56:AJ56) -> 0 | AL56: 0
B57: تجهيز حمام | V57: 0 | W57: 0 | X57: 0 | Y57: 0 | AK57: =SUM(G57:AJ57) -> 0 | AL57: 0
B58: أجهزة كهربائية | M58: 5 | V58: 0 | W58: 0 | X58: 0 | Y58: 0 | AK58: =SUM(G58:AJ58) -> 5 | AL58: 5
B59: بطاطين | V59: 0 | W59: 0 | X59: 0 | Y59: 0 | AK59: =SUM(G59:AJ59) -> 0 | AL59: 0
B60: بطاقة الخدمات | N60: 1 | T60: 4 | V60: 0 | W60: 0 | X60: 0 | Y60: 0 | AK60: =SUM(G60:AJ60) -> 5 | AL60: 5
B61: ملابس وشنط | N61: 2 | V61: 0 | W61: 0 | X61: 0 | Y61: 0 | AK61: =SUM(G61:AJ61) -> 2 | AL61: 2
B62: الإحالة | N62: 2 | V62: 0 | W62: 0 | X62: 0 | Y62: 0 | AA62: 2 | AK62: =SUM(G62:AJ62) -> 4 | AL62: 4
B63: معاش شهري | Q63: 1 | V63: 0 | W63: 0 | X63: 0 | Y63: 0 | AK63: =SUM(G63:AJ63) -> 1 | AL63: 1
B64: نظارة طبية | V64: 0 | W64: 0 | X64: 0 | Y64: 0 | AK64: =SUM(G64:AJ64) -> 0 | AL64: 0
B65: مساعدات مادية من بنك ناصر | V65: 0 | W65: 0 | X65: 0 | Y65: 0 | AK65: =SUM(G65:AJ65) -> 0 | AL65: 0
B66: أخرى | N66: 1 | Q66: 26 | V66: 0 | W66: 0 | X66: 0 | Y66: 0 | AK66: =SUM(G66:AJ66) -> 27 | AL66: 27
B67: إجمالى عدد المستفدين خلال شهر يونيو | AK67: =SUM(AK7+AK10+AK15+AK20) -> 3148

Sheet تقري ستمبر 2023
C1: وحدات مكتب منفلوط | V1: مكتب أسيوط | AB1: مكتب سوهاج | AF1: طهطا | AG1: مكتب بنى سويف | AJ1: الواسطى
G2: جحدم | H2: الحواتكة | I2: بنى شقير | J2: القوصية | K2: التمساحية | L2: عرب الجهمة | M2: الدير | N2: تناغة | O2: فزارة | P2: القصير | Q2: نزلة ضاهر | R2: ديروط | S2: الحوطا الغربية | T2: دشلوط | U2: زاوية هارون | V2: البورة | W2: منقباد | X2: الواسطى | Y2: كوم المنصورة | Z2: ريفا | AA2: أبوتيج | AB2: تونس | AC2: المنشأه | AD2: العسيرات | AE2: كوم بدار | AF2: فزارة | AG2: النويرة | AH2: ببا | AI2: سدس | AJ2: الرياض | AK2: إجمالى
A3: إجمالي المستفيدين | B3: إجمالي المستفيدين بالوحدة خلال العام | G3: 120 | H3: 120 | I3: 120 | J3: 120 | K3: 120 | L3: 120 | M3: 120 | N3: 120 | O3: 120 | P3: 120 | Q3: 120 | R3: 120 | S3: 120 | T3: 120 | U3: 0 | V3: 120 | W3: 120 | X3: 120 | Y3: 120 | Z3: 120 | AA3: 120 | AB3: 120 | AC3: 120 | AD3: 120 | AE3: 120 | AF3: 120 | AG3: 120 | AH3: 120 | AI3: 120 | AJ3: 120 | AK3: =SUM(G3:AJ3) -> 3480 | AL3: 3480
B4: إجمالي المستفيدين بالوحدة شهريًا | G4: 80 | H4: 120 | I4: 119 | J4: 80 | K4: 80 | L4: 120 | M4: 120 | N4: 90 | O4: 120 | P4: 120 | Q4: 120 | R4: 120 | S4: 120 | T4: 120 | U4: 0 | V4: 120 | W4: 120 | X4: 120 | Y4: 120 | Z4: 120 | AA4: 120 | AB4: 120 | AC4: 120 | AD4: 120 | AE4: 120 | AF4: 120 | AG4: 120 | AH4: 120 | AI4: 120 | AJ4: 120 | AK4: =SUM(G4:AJ4) -> 3329 | AL4: 3329
A5: عدد الأطفال ذوى الإعاقة (الجلسات التأهيلية داخل بالبرنامج ) | B5: المخطط خلال العام | G5: 50 | H5: 50 | I5: 50 | J5: 75 | K5: 50 | L5: 50 | M5: 50 | N5: 50 | O5: 50 | P5: 50 | Q5: 50 | R5: 75 | S5: 50 | T5: 50 | U5: 0 | V5: 50 | W5: 50 | X5: 50 | Y5: 50 | Z5: 50 | AA5: 50 | AB5: 50 | AC5: 50 | AD5: 50 | AE5: 50 | AF5: 50 | AG5: 50 | AH5: 50 | AI5: 50 | AJ5: 50 | AK5: =SUM(G5:AJ5) -> 1500 | AL5: 1500
B6: عدد الأطفال الجدد الذين تم إضافتهم خلال الشهر | H6: 2 | I6: 0 | J6: 2 | K6: 0 | L6: 0 | M6: 2 | N6: 0 | O6: 2 | P6: 0 | Q6: 7 | R6: 1 | S6: 0 | T6: 6 | U6: 0 | V6: 5 | W6: 2 | X6: 0 | Y6: 0 | Z6: 2 | AA6: 0 | AB6: 0 | AC6: 1 | AD6: 0 | AE6: 0 | AF6: 4 | AG6: 0 | AH6: 4 | AI6: 3 | AJ6: 2 | AK6: =SUM(G6:AJ6) -> 45 | AL6: 45
B7: عدد الأطفال المنقطعين عن الخدمة خلال الشهر | H7: 2 | I7: 0 | J7: 7 | K7: 2 | L7: 0 | M7: 0 | N7: 0 | O7: 2 | P7: 0 | Q7: 7 | R7: 1 | S7: 0 | T7: 0 | U7: 0 | V7: 1 | W7: 2 | X7: 1 | Y7: 0 | Z7: 3 | AA7: 0 | AB7: 0 | AC7: 0 | AD7: 0 | AE7: 0 | AF7: 2 | AG7: 8 | AH7: 12 | AI7: 5 | AJ7: 2 | AK7: =SUM(G7:AJ7) -> 57 | AL7: 57
B8: عدد المستفيدين شهريا من الأطفال (ذكور ) | H8: 19 | I8: 17 | J8: 23 | K8: 15 | L8: 16 | M8: 28 | N8: 18 | O8: 18 | P8: 20 | Q8: 18 | R8: 35 | S8: 14 | T8: 15 | U8: 13 | V8: 22 | W8: 17 | X8: 14 | Y8: 16 | Z8: 22 | AA8: 20 | AB8: 20 | AC8: 19 | AD8: 20 | AE8: 17 | AF8: 12 | AG8: =32-4 -> 28 | AH8: 25 | AI8: 27 | AJ8: 10 | AK8: =SUM(G8:AJ8) -> 558 | AL8: 558
B9: عدد المستفيدين شهريا من الأطفال (اناث) | H9: 11 | I9: 9 | J9: 10 | K9: 4 | L9: 14 | M9: 6 | N9: 12 | O9: 12 | P9: 10 | Q9: 12 | R9: 29 | S9: 5 | T9: 14 | U9: 4 | V9: 9 | W9: 10 | X9: 6 | Y9: 15 | Z9: 24 | AA9: 10 | AB9: 10 | AC9: 11 | AD9: 10 | AE9: 13 | AF9: 8 | AG9: 14 | AH9: 23 | AI9: 12 | AJ9: 5 | AK9: =SUM(G9:AJ9) -> 332 | AL9: 332
B10: إجمالي عدد الأطفال المنتظمين بالوحدة خلال الشهر (تحت 14 عام ) | G10: =SUM(G8+G9) -> 0 | H10: 30 | I10: 26 | J10: =SUM(J8+J9) -> 33 | K10: =SUM(K8+K9) -> 19 | L10: =SUM(L8+L9) -> 30 | M10: =SUM(M8+M9) -> 34 | N10: =SUM(N8+N9) -> 30 | O10: =SUM(O8+O9) -> 30 | P10: =SUM(P8+P9) -> 30 | Q10: =SUM(Q8+Q9) -> 30 | ... U10: =SUM(U8+U9) -> 17 | V10: 31 | W10: 27 | X10: 20 | Y10: 31 | Z10: 46 | AA10: 30 | AB10: =SUM(AB8+AB9) -> 30 | AC10: =SUM(AC8+AC9) -> 30 | AD10: =SUM(AD8+AD9) -> 30 | AE10: =SUM(AE8+AE9) -> 30 | AF10: =SUM(AF8+AF9) -> 20 | AG10: =AG8+AG9 -> 42 | AH10: =AH9+AH8 -> 48 | AI10: =AI8+AI9 -> 39 | AJ10: 15 | AK10: =SUM(G10:AJ10) -> 890 | AL10: 890
A11: عدد الأشخاص الذين تم رصدهم | B11: عدد الأشخاص الذين تم رصدهم بالكامل | V11: 415 | Y11: 232 | AA11: 398 | AK11: =SUM(G11:AJ11) -> 1045 | AL11: 1045
B12: عدد الأشخاص الذين تم رصدهم خلال الشهر | V12: 1 | AA12: 124 | AK12: =SUM(G12:AJ12) -> 125 | AL12: 125
A13: عدد الأشخاص/الأطفال ذوى الإعاقة (الزيارات المنزلية ) | B13: المخطط خلال العام | AK13: =SUM(G13:AJ13) -> 0 | AL13: 0
B14: عدد الأشخاص/الأطفال الجدد الذين تم إضافتهم خلال الشهر | H14: 0 | I14: 0 | J14: 0 | K14: 0 | L14: 0 | M14: 0 | N14: 2 | O14: 0 | P14: 0 | Q14: 11 | R14: 0 | S14: 0 | T14: 12 | U14: 0 | V14: 0 | W14: 0 | X14: 0 | Y14: 0 | Z14: 0 | AA14: 32 | AC14: 0 | AD14: 36 | AF14: 0 | AG14: 0 | AH14: 0 | AI14: 0 | AJ14: 1 | AK14: =SUM(G14:AJ14) -> 94 | AL14: 94
B15: عدد الأطفال المنقطعين عن الخدمة خلال الشهر | H15: 0 | I15: 0 | J15: 0 | K15: 0 | L15: 0 | M15: 0 | N15: 1 | O15: 0 | P15: 0 | Q15: 11 | R15: 0 | S15: 0 | T15: 11 | U15: 0 | V15: 2 | W15: 0 | X15: 2 | Y15: 1 | Z15: 0 | AA15: 0 | AC15: 0 | AD15: 0 | AE15: 0 | AF15: 0 | AG15: 2 | AH15: 4 | AI15: 2 | AJ15: 0 | AK15: =SUM(G15:AJ15) -> 36 | AL15: 36
B16: عدد المستفيدين شهريا من الأطفال (ذكور ) | H16: 14 | I16: 20 | J16: 0 | K16: 4 | L16: 19 | M16: 3 | N16: 15 | O16: 17 | P16: 8 | Q16: 40 | R16: 0 | S16: 1 | T16: 29 | U16: 12 | V16: 31 | W16: 8 | X16: 14 | Y16: 6 | Z16: 23 | AA16: 25 | AB16: 42 | AC16: 5 | AD16: 18 | AE16: 33 | AF16: 21 | AG16: 14 | AH16: 13 | AI16: 14 | AJ16: 3 | AK16: =SUM(G16:AJ16) -> 452 | AL16: 452
B17: عدد المستفيدين شهريا من الأطفال (اناث) | H17: 19 | I17: 18 | J17: 0 | K17: 1 | L17: 20 | M17: 5 | N17: 12 | O17: 9 | P17: 7 | Q17: 24 | R17: 0 | S17: 2 | T17: 17 | U17: 6 | V17: 19 | W17: 2 | X17: 7 | Y17: 17 | Z17: 12 | AA17: 24 | AB17: 23 | AC17: 5 | AD17: 16 | AE17: 12 | AF17: 15 | AG17: 4 | AH17: =17-2 -> 15 | AI17: 19 | AJ17: 4 | AK17: =SUM(G17:AJ17) -> 334 | AL17: 334
B18: عدد المستفيدين شهريا من البالغين (ذكور ) | H18: 27 | I18: 34 | J18: 0 | K18: 59 | L18: 28 | M18: 33 | N18: 41 | O18: 29 | P18: 35 | Q18: 11 | R18: 0 | S18: 33 | T18: 25 | U18: 48 | V18: 23 | W18: 7 | X18: 18 | Y18: 25 | Z18: 33 | AA18: 44 | AB18: 15 | AC18: 44 | AD18: 15 | AE18: 22 | AF18: 3 | AG18: 4 | AH18: 5 | AI18: 0 | AJ18: 3 | AK18: =SUM(G18:AJ18) -> 664 | AL18: 664
B19: عدد المستفيدين شهريا من البالغين (اناث) | H19: 30 | I19: 21 | J19: 0 | K19: 67 | L19: 23 | M19: 49 | N19: 23 | O19: 35 | P19: 40 | Q19: 15 | R19: 0 | S19: 24 | T19: 19 | U19: 34 | V19: 17 | W19: 6 | X19: 40 | Y19: 43 | Z19: 22 | AA19: 57 | AB19: 10 | AC19: 36 | AD19: 41 | AE19: 23 | AF19: 3 | AG19: 20 | AH19: 13 | AI19: 8 | AJ19: 5 | AK19: =SUM(G19:AJ19) -> 724 | AL19: 724
B20: إجمالي عدد المستفيدين من خدمة الزيارات المنزلية شهريًا | G20: =SUM(G16:G19) -> 0 | H20: 90 | I20: 93 | J20: =SUM(J16:J19) -> 0 | K20: =SUM(K16:K19) -> 131 | L20: =SUM(L16:L19) -> 90 | M20: =SUM(M16:M19) -> 90 | N20: =SUM(N16:N19) -> 91 | O20: =SUM(O16:O19) -> 90 | P20: =SUM(P16:P19) -> 90 | Q20: =SUM(Q16:Q19) -> 90 | ... U20: =SUM(U16:U19) -> 100 | V20: 90 | W20: 23 | X20: 79 | Y20: 91 | Z20: 90 | AA20: 150 | AB20: =SUM(AB16:AB19) -> 90 | AC20: =SUM(AC16:AC19) -> 90 | AD20: =SUM(AD16:AD19) -> 90 | AE20: =SUM(AE16:AE19) -> 90 | AF20: =SUM(AF16+AF17+AF18+AF19) -> 42 | AG20: =AG16+AG17+AG18+AG19 -> 42 | AH20: =(AH19+AH18+AH17+AH16) -> 46 | AI20: 41 | AJ20: 15 | AK20: =SUM(G20:AJ20) -> 2174 | AL20: 2174
A21: جلسات تأهيل داخل الوحدة | B21: جلسات إرشاد لأسر أ.ذ.إ | C21: المستهدف الشهري | K21: 0 | U21: 0 | AK21: =SUM(G21:AJ21) -> 0 | AL21: 0
C22: الفعلي شهريًا | K22: 0 | U22: 0 | AK22: =SUM(G22:AJ22) -> 0 | AL22: 0
B23: جلسات تأهيلية للأطفال | C23: المستهدف الشهري | G23: 100 | H23: 150 | I23: 150 | J23: 200 | K23: 150 | L23: 150 | M23: 150 | N23: 150 | O23: 150 | P23: 150 | Q23: 150 | R23: 300 | S23: 150 | T23: 150 | U23: 100 | V23: 150 | W23: 150 | X23: 150 | Y23: 150 | Z23: 150 | AA23: 150 | AB23: 150 | AC23: 150 | AD23: 150 | AE23: 150 | AF23: 150 | AG23: 150 | AH23: 150 | AI23: 150 | AJ23: 150 | AK23: =SUM(G23:AJ23) -> 4600 | AL23: 4600
C24: الفعلي شهريًا | H24: 168 | I24: 157 | J24: 185 | K24: 80 | L24: 162 | M24: 205 | N24: 153 | O24: 156 | P24: 172 | Q24: 81 | R24: 335 | S24: 90 | T24: 127 | U24: 50 | V24: 174 | W24: 200 | X24: 64 | Y24: 167 | Z24: 173 | AA24: 150 | AB24: 224 | AC24: 87 | AD24: 140 | AE24: 175 | AF24: 119 | AG24: =67+66+66 -> 199 | AH24: =60+58+50 -> 168 | AI24: =54+52+49 -> 155 | AJ24: 97 | AK24: =SUM(G24:AJ24) -> 4413 | AL24: 4413
A25: الزيارات المنزلية (خارج الوحدة) | B25: جلسات إرشاد للأشخاص أنفسهم | C25: المستهدف الشهري | U25: 0 | AK25: =SUM(G25:AJ25) -> 0 | AL25: 0
C26: الفعلي شهريًا | H26: 63 | I26: 50 | U26: 100 | V26: 41 | W26: 6 | X26: 54 | Y26: 90 | Z26: 55 | AA26: 96 | AF26: 84 | AG26: 0 | AH26: 0 | AI26: 0 | AJ26: 0 | AK26: =SUM(G26:AJ26) -> 639 | AL26: 639
B27: جلسات إرشاد لأسر أ.ذ.إ | C27: المستهدف الشهري | AK27: =SUM(G27:AJ27) -> 0 | AL27: 0
C28: الفعلي شهريًا | I28: 131 | U28: 10 | V28: 80 | W28: 16 | X28: 50 | Y28: 47 | Z28: 33 | AA28: 150 | AG28: 0 | AH28: 0 | AI28: 0 | AJ28: 0 | AK28: =SUM(G28:AJ28) -> 517 | AL28: 517
B29: جلسات تأهيلية للأطفال / البالغين (تنمية قدرات/ تنمية المهارات اللغوية/ تنمية المهارات الحركية/ تنمية المهارات الأكاديمية) | C29: المستهدف الشهري | AK29: =SUM(G29:AJ29) -> 0 | AL29: 0
C30: الفعلي شهريًا | H30: 55 | I30: 0 | V30: 30 | W30: 13 | X30: 2 | Y30: 43 | Z30: 53 | AA30: 60 | AG30: =30+30+31 -> 91 | AH30: =57+50+55 -> 162 | AI30: =52+39+12+35 -> 138 | AJ30: 30 | AK30: =SUM(G30:AJ30) -> 677 | AL30: 677
B31: زيارات تستهدف خدمات إجتماعية | C31: المستهدف الشهري | U31: 0 | AK31: =SUM(G31:AJ31) -> 0 | AL31: 0
C32: الفعلي شهريًا | H32: 10 | I32: 0 | U32: 0 | V32: 30 | W32: 11 | X32: 0 | Y32: 0 | Z32: 39 | AA32: 17 | AG32: 0 | AH32: 10 | AI32: 0 | AJ32: 0 | AK32: =SUM(G32:AJ32) -> 117 | AL32: 117
B33: إجمالي عدد الزيارات المنفذة | C33: المستهدف الشهري | G33: 180 | H33: 180 | I33: 180 | J33: 0 | K33: 180 | L33: 180 | M33: 180 | N33: 180 | O33: 180 | P33: 180 | Q33: 180 | R33: 0 | S33: 180 | T33: 180 | U33: 0 | V33: 180 | W33: 180 | X33: 180 | Y33: 180 | Z33: 180 | AA33: 180 | AB33: 180 | AC33: 180 | AD33: 180 | AE33: 180 | AF33: 180 | AG33: 180 | AH33: 180 | AI33: 180 | AJ33: 60 | AK33: =SUM(G33:AJ33) -> 4740 | AL33: 4740
C34: الفعلي شهريًا | H34: 128 | I34: 181 | J34: =SUM(J26+J28+J30+J32) -> 0 | K34: 190 | L34: 170 | M34: 180 | N34: 182 | O34: 125 | P34: 180 | Q34: 175 | R34: =SUM(R26+R28+R30+R32) -> 0 | S34: 120 | T34: 170 | U34: 110 | V34: 181 | W34: 46 | X34: 106 | Y34: 180 | Z34: 180 | AA34: 323 | AB34: 180 | AC34: 180 | AD34: 170 | AE34: 180 | AF34: 84 | AG34: 91 | AH34: =AH32+AH30 -> 172 | AI34: 138 | AJ34: 30 | AK34: =SUM(G34:AJ34) -> 4152 | AL34: 4152
A35: الخدمات النفسية | B35: التقييمات التشخيصية | C35: المستهدف الشهري | G35: 30 | J35: 30 | K35: 30 | L35: 30 | M35: 30 | N35: 30 | O35: 30 | P35: 30 | Q35: 30 | R35: 30 | S35: 30 | T35: 30 | U35: 30 | V35: 30 | W35: 30 | X35: 30 | Y35: 30 | Z35: 30 | AA35: 30 | AB35: 30 | AC35: 30 | AD35: 30 | AE35: 30 | AF35: 30 | AG35: 30 | AH35: 30 | AI35: 30 | AJ35: 30 | AK35: =SUM(G35:AJ35) -> 840 | AL35: 840
C36: الفعلي شهريًا | J36: 15 | K36: 13 | L36: 11 | M36: 15 | N36: 15 | O36: 12 | P36: 15 | Q36: 22 | R36: 18 | S36: 7 | T36: 11 | U36: 9 | V36: 0 | W36: 0 | X36: 0 | Y36: 12 | Z36: 0 | AA36: 0 | AB36: 15 | AC36: 15 | AD36: 11 | AE36: 15 | AF36: 11 | AG36: 0 | AH36: 0 | AI36: 0 | AJ36: 0 | AK36: =SUM(G36:AJ36) -> 242 | AL36: 242
A37: الأنشطة المجتمعية | B37: الندوات | C37: المستهدف الشهري | H37: 1 | I37: 1 | J37: 1 | M37: 1 | N37: 1 | P37: 1 | Q37: 2 | R37: 1 | W37: 1 | X37: 1 | Y37: 1 | Z37: 1 | AA37: 1 | AB37: 1 | AC37: 1 | AE37: 1 | AF37: 1 | AG37: 1 | AH37: 1 | AK37: =SUM(G37:AJ37) -> 20 | AL37: 20
C38: الفعلي شهريًا | H38: 1 | I38: 1 | J38: 1 | M38: 1 | N38: 2 | P38: 2 | Q38: 2 | R38: 1 | W38: 0 | X38: 0 | Y38: 1 | Z38: 0 | AA38: 0 | AB38: 1 | AC38: 1 | AD38: 1 | AE38: 1 | AF38: 0 | AG38: 0 | AH38: 0 | AI38: 0 | AJ38: 1 | AK38: =SUM(G38:AJ38) -> 17 | AL38: 17
B39: الجولات الحرة | C39: المستهدف الشهري | H39: 1 | I39: 1 | J39: 1 | K39: 2 | L39: 2 | M39: 1 | N39: 2 | P39: 2 | Q39: 4 | R39: 2 | T39: 2 | W39: 1 | X39: 1 | Y39: 1 | Z39: 1 | AA39: 1 | AB39: 1 | AG39: 1 | AH39: 1 | AK39: =SUM(G39:AJ39) -> 28 | AL39: 28
C40: الفعلي شهريًا | H40: 2 | I40: 2 | J40: 3 | K40: 0 | L40: 2 | M40: 2 | N40: 2 | P40: 3 | Q40: 4 | R40: 2 | T40: 2 | V40: 1 | W40: 1 | X40: 0 | Y40: 2 | Z40: 1 | AA40: 2 | AB40: 1 | AC40: 0 | AD40: 0 | AE40: 0 | AF40: 0 | AG40: 4 | AH40: 0 | AI40: 1 | AJ40: 4 | AK40: =SUM(G40:AJ40) -> 41 | AL40: 43
B41: الأيام الترفيهية | C41: المستهدف الشهري | H41: 1 | I41: 1 | J41: 1 | N41: 1 | Q41: 1 | W41: 1 | X41: 1 | Y41: 1 | Z41: 1 | AA41: 1 | AG41: 1 | AH41: 1 | AJ41: 0 | AK41: =SUM(G41:AJ41) -> 12 | AL41: 12
C42: الفعلي شهريًا | H42: 0 | I42: 0 | J42: 1 | N42: 1 | Q42: 1 | W42: 1 | X42: 0 | Y42: 0 | Z42: 0 | AA42: 1 | AG42: 0 | AH42: 0 | AI42: 0 | AJ42: 0 | AK42: =SUM(G42:AJ42) -> 5 | AL42: 5
B43: ورش الأسر | C43: المستهدف الشهري | H43: 1 | I43: 1 | W43: 1 | X43: 1 | Y43: 1 | Z43: 1 | AA43: 1 | AG43: 1 | AH43: 1 | AI43: 0 | AJ43: 0 | AK43: =SUM(G43:AJ43) -> 9 | AL43: 9
C44: الفعلي شهريًا | H44: 0 | I44: 0 | W44: 0 | X44: 0 | Y44: 0 | Z44: 0 | AA44: 0 | AG44: 0 | AH44: 0 | AI44: 0 | AJ44: 0 | AK44: =SUM(G44:AJ44) -> 0 | AL44: 0
G45: جحدم | H45: الحواتكة | I45: بنى شقير | J45: القوصية | K45: التمساحية | L45: عرب الجهمة | M45: الدير | N45: تناغة | O45: فزارة | P45: القصير | Q45: نزلة ضاهر | R45: ديروط | S45: الحوطا الغربية | T45: دشلوط | U45: زاوية هارون | V45: البورة | W45: منقباد | X45: الواسطى | Y45: كوم المنصورة | Z45: ريفا | AA45: أبوتيج | AB45: تونس | AC45: المنشأه | AD45: العسيرات | AE45: كوم بدار | AF45: فزارة | AG45: النويرة | AH45: ببا | AI45: سدس | AJ45: الرياض | AK45: =SUM(G45:AJ45) -> 0 | AL45: 0
A46: الخدمات الإجتماعية | B46: مشروع للشخص | H46: 0 | I46: 0 | V46: 0 | W46: 0 | X46: 0 | Y46: 0 | Z46: 0 | AA46: 0 | AG46: 0 | AH46: 0 | AI46: 0 | AJ46: 0 | AK46: =SUM(G46:AJ46) -> 0 | AL46: 0
B47: مشروع للأسرة | H47: 0 | I47: 0 | V47: 0 | W47: 0 | X47: 0 | Y47: 0 | Z47: 0 | AA47: 1 | AG47: 0 | AH47: 0 | AI47: 0 | AJ47: 0 | AK47: =SUM(G47:AJ47) -> 1 | AL47: 1
B48: علاج دوائي | H48: 0 | I48: 0 | K48: 7 | V48: 0 | W48: 0 | X48: 0 | Y48: 0 | Z48: 0 | AA48: 1 | AG48: 0 | AH48: 0 | AI48: 0 | AJ48: 0 | AK48: =SUM(G48:AJ48) -> 8 | AL48: 8
B49: عمليات جراحية | H49: 0 | I49: 0 | K49: 3 | V49: 0 | W49: 0 | X49: 0 | Y49: 0 | Z49: 0 | AA49: 0 | AG49: 0 | AH49: 0 | AI49: 0 | AJ49: 0 | AK49: =SUM(G49:AJ49) -> 3 | AL49: 3
B50: أطراف صناعية | H50: 0 | I50: 0 | V50: 0 | W50: 0 | X50: 0 | Y50: 0 | Z50: 0 | AA50: 0 | AG50: 0 | AH50: 0 | AI50: 0 | AJ50: 0 | AK50: =SUM(G50:AJ50) -> 0 | AL50: 0
B51: سماعات طبية | H51: 0 | I51: 0 | V51: 0 | W51: 0 | X51: 0 | Y51: 0 | Z51: 0 | AA51: 0 | AG51: 0 | AH51: 0 | AI51: 0 | AJ51: 0 | AK51: =SUM(G51:AJ51) -> 0 | AL51: 0
B52: كرسي متحرك | H52: 0 | I52: 0 | V52: 0 | W52: 0 | X52: 0 | Y52: 0 | Z52: 0 | AA52: 0 | AG52: 0 | AH52: 0 | AI52: 0 | AJ52: 0 | AK52: =SUM(G52:AJ52) -> 0 | AL52: 0
B53: سقف منزل | H53: 0 | I53: 0 | V53: 0 | W53: 0 | X53: 0 | Y53: 0 | Z53: 0 | AA53: 0 | AG53: 0 | AH53: 0 | AI53: 0 | AJ53: 0 | AK53: =SUM(G53:AJ53) -> 0 | AL53: 0
B54: وصلات مياه | H54: 0 | I54: 0 | V54: 0 | W54: 0 | X54: 0 | Y54: 0 | Z54: 0 | AA54: 0 | AG54: 0 | AH54: 0 | AI54: 0 | AJ54: 0 | AK54: =SUM(G54:AJ54) -> 0 | AL54: 0
B55: تشطيب غرف | H55: 0 | I55: 0 | V55: 0 | W55: 0 | X55: 0 | Y55: 0 | Z55: 0 | AA55: 0 | AG55: 0 | AH55: 0 | AI55: 0 | AJ55: 0 | AK55: =SUM(G55:AJ55) -> 0 | AL55: 0
B56: أثاثات للغرف | H56: 0 | I56: 0 | V56: 0 | W56: 0 | X56: 0 | Y56: 0 | Z56: 0 | AA56: 0 | AG56: 0 | AH56: 0 | AI56: 0 | AJ56: 0 | AK56: =SUM(G56:AJ56) -> 0 | AL56: 0
B57: تجهيز حمام | H57: 0 | I57: 0 | V57: 0 | W57: 0 | X57: 0 | Y57: 0 | Z57: 0 | AA57: 0 | AG57: 0 | AH57: 0 | AI57: 0 | AJ57: 1 | AK57: =SUM(G57:AJ57) -> 1 | AL57: 1
B58: أجهزة كهربائية | H58: 0 | I58: 0 | V58: 0 | W58: 0 | X58: 0 | Y58: 0 | Z58: 0 | AA58: 0 | AG58: 0 | AH58: 0 | AI58: 0 | AJ58: 0 | AK58: =SUM(G58:AJ58) -> 0 | AL58: 0
B59: بطاطين | H59: 0 | I59: 0 | V59: 0 | W59: 0 | X59: 0 | Y59: 0 | Z59: 0 | AA59: 0 | AG59: 0 | AH59: 0 | AI59: 0 | AJ59: 0 | AK59: =SUM(G59:AJ59) -> 0 | AL59: 0
B60: بطاقة الخدمات | H60: 0 | I60: 0 | V60: 0 | W60: 0 | X60: 0 | Y60: 0 | Z60: 0 | AA60: 0 | AG60: 0 | AH60: 0 | AI60: 0 | AJ60: 0 | AK60: =SUM(G60:AJ60) -> 0 | AL60: 0
B61: ملابس وشنط | H61: 0 | I61: 5 | K61: 2 | M61: 20 | T61: 7 | V61: 0 | W61: 0 | X61: 0 | Y61: 0 | Z61: 0 | AA61: 9 | AF61: 5 | AG61: 0 | AH61: 0 | AI61: 0 | AJ61: 1 | AK61: =SUM(G61:AJ61) -> 49 | AL61: 49
B62: الإحالة | H62: 1 | I62: 0 | K62: 2 | V62: 0 | W62: 0 | X62: 0 | Y62: 0 | Z62: 0 | AA62: 0 | AG62: 0 | AH62: 0 | AI62: 0 | AJ62: 0 | AK62: =SUM(G62:AJ62) -> 3 | AL62: 3
B63: معاش شهري | H63: 0 | I63: 0 | Q63: 1 | V63: 0 | W63: 0 | X63: 0 | Y63: 0 | Z63: 0 | AA63: 0 | AG63: 0 | AH63: 0 | AI63: 0 | AJ63: 0 | AK63: =SUM(G63:AJ63) -> 1 | AL63: 1
B64: نظارة طبية | H64: 0 | I64: 0 | V64: 0 | W64: 0 | X64: 0 | Y64: 0 | Z64: 0 | AA64: 0 | AG64: 0 | AH64: 0 | AI64: 0 | AJ64: 0 | AK64: =SUM(G64:AJ64) -> 0 | AL64: 0
B65: مساعدات مادية من بنك ناصر | H65: 0 | I65: 0 | V65: 0 | W65: 0 | X65: 0 | Y65: 0 | Z65: 0 | AA65: 0 | AG65: 0 | AH65: 0 | AI65: 0 | AJ65: 0 | AK65: =SUM(G65:AJ65) -> 0 | AL65: 0
B66: أخرى | H66: 0 | I66: 0 | K66: 4 | Q66: 26 | V66: 0 | W66: 0 | X66: 0 | Y66: 0 | Z66: 0 | AA66: 0 | AG66: 0 | AH66: 0 | AI66: 0 | AJ66: 0 | AK66: =SUM(G66:AJ66) -> 30 | AL66: 30
B67: إجمالى عدد المستفدين | AK67: =SUM(AK7+AK10+AK15+AK20) -> 3157
